1,earth
2,police
3,boxing
4,painter
5,whale
6,medieval
7,funny
8,almodovar
9,finnish
10,brothers quay
11,satoshi kon
12,robots
13,time travel
15,dreamdontcatch
16,excellent characters
17,seriously scary
18,frightfully accurate political commentary
19,very moving
21,bill murray
22,bruce campbell
23,wes anderson
24,dystopia
25,tim allen
27,great movie
28,fav 06
29,overrated
31,watch again
34,satire
35,computers
36,cold war
37,not a war movie
38,ghosts/afterlife
39,inspiring
40,not seen it
41,sexy
42,gothic
43,no good
44,awsome
45,revolutionary
46,horrible
47,oddly moving
48,not at cml
49,comic book
50,nicholas cage
51,available at cml
52,horro
53,crime
54,serial killer
55,comedy
56,sam raimi
57,horror
58,hannibal lecter
59,johnny depp
60,fun
61,woody allen
62,vampire
64,surreal
66,strange
67,mystery
68,stupid as hell
69,drugs
70,spooky
71,easygoing
72,lynch
73,pacino
74,action
75,garbage
76,idiotic
77,masterpiece
78,bad acting
79,bad ending
80,ghosts
81,profoundly annoying
83,worst movie ever
85,awful
86,best movie ever
87,badly acted
88,terrible screenplay
89,existentialism
90,slow
91,cheap
92,complicated
93,nudity (topless)
94,dialogue<3
95,sexy ladies
96,superbad
97,edward norton
98,bunker
99,surrealism
100,gulf war
101,mildly funny
102,biopic
103,english literature
104,heist
105,television industry
106,abuse
107,midlife crisis
108,possibly homosexual
109,eric blair
110,espionage
111,childish
112,subversion
113,baseball
114,claymation
115,united nations
116,aliens killed by rain
117,animals
118,archaeology
119,vampires
120,stranding
121,berlin
122,world war 2
123,apple
124,maths
125,sequel
126,organised crime
127,tv show
128,timetravel
130,corruption
131,poor sequels
132,insincerity
133,inappropriate sound in space
134,survival
135,prequel
136,pirates
137,oscar (best directing)
138,god
139,george orwell
140,show me the money
141,empire
142,fascism
143,england
144,chase
145,space
146,fantasy
147,based on comic
148,aviation
149,cropcircles
150,life
151,thuggery
152,sappy
153,bugsy siegal
154,rome
155,aardman
156,mental illness
157,androids
158,reality television
159,las vegas
160,based on novel
161,violence
162,sharkattacks
163,atf
164,inaccurate
165,factual
166,holocaust
167,aliens
168,adolf hitler
169,history
170,gladiators
171,crusades
172,prison
173,possession
174,not memorable
175,howard hughes
176,virtual reality
177,vietnam war
179,probably libelous about vietnamese
180,poland
181,mimics documentarystyle
182,titanic
183,casino
184,alien
185,unfunny
186,superhero
187,genocide
188,sheriff of nottingham
189,stephen king
190,maid marrion
191,promilitary
192,cartoon
193,book was better
194,frederick forsyth
195,stupid
196,sports
197,eugenics
198,fraud
199,italy
200,military
201,india
202,corporations
203,divorce
204,scubadiving
205,materialism
206,virtualreality
207,childhood
208,guilt
209,slavery
210,farce
211,robin hood
212,aeroplane
213,oscar (best actress)
214,mafia
215,microsoft
216,sanity
217,vigilatism
218,insanity
219,oscar (best actor)
220,erotic
221,aircraft
222,bomb
223,ghandi
224,hunting
225,assassination
226,fighting
227,madness
228,battles
229,terrible ending
230,unscary
231,film industry
232,suburbia
233,snipers
234,neonazis
235,postapocalyptic
236,futuristic
237,world war ii
238,war
239,indiana jones
240,vietnam
242,capitalism
243,orson welles
244,oscar (best supporting actress)
245,geeks
246,machining
247,oscar (best picture)
249,china
250,nazis
251,nonfiction
252,memory
253,gambling
254,stanley kubrick
255,school
256,vandalism
257,artistic
258,gangster
259,tigers
260,rosebud
261,philip k dick
262,criminal reform
263,racism
264,sharks
265,nonlinear
266,fantasy life
267,paul bettany
268,very good
269,christopher nolan
270,steven soderbergh
271,carol reed
272,hayao miyazaki
273,pt anderson
274,phillip noyce
275,charles chaplin
276,george clooney
277,elia kazan
278,roman polanski
279,charlie kaufman
280,akira kurosawa
281,thomas schlamme
282,tom tykwer
283,frank darabont
284,stephen frears
285,wong kar wai
286,rob reiner
287,james mangold
288,bennett miller
289,coen brothers
290,mike nichols
291,terry zwigoff
292,ang lee
293,luis bunuel
294,sam mendes
295,jim jarmusch
296,terry gilliam
297,krzysztof kieslowski
298,sergio leone
299,jim sharman
300,fernando meirelles
301,robert bresson
302,jonathan demme
303,vittorio de sica
304,marlon brando
305,david lynch
306,ingmar bergman
307,carl theodor dreyer
308,documentary
309,jeanpierre jeunet
310,martin scorsese
311,leo mccarey
312,quentin tarantino
313,frank capra
314,billy bob thornton
315,bernardo bertolucci
316,kiduk kim
317,coen bros
318,francois truffaut
319,francis ford copolla
320,alexander payne
321,tony kaye
322,shane black
323,kenji mizoguchi
324,marc singer
325,jean renoir
326,pixar
327,jeanluc godard
328,music
330,alfred hitchcock
331,federico fellini
332,harold ramis
333,robert wiene
334,milos forman
335,fritz lang
336,alfonso cuaron
337,tim burton
338,michael lehmann
339,philip seymour hoffman
340,peter bogdanovich
341,andrew jarecki
342,billy wilder
343,michael winterbottom
344,yimou zhang
345,rainer werner fassbinder
346,werner herzog
347,chris marker
348,buster keaton
349,howard hawks
351,imdb top 250
352,on computer
353,on dvr
354,on disc
355,netflix instant
356,on request
357,troy library
358,filmed in west nashville
359,reese witherspoon
360,satirical
361,british comedy
362,disney animated feature
363,japanese horror
364,jim carrey
365,suspense
366,scifi
367,immigrants
368,grown up
369,boring
370,nice
371,samuel l jackson
372,gratuitous sex
373,childhood fav
374,dark comedy
375,lesbian
376,hilarious :d
377,stereotypes
379,great actors
380,funniest movies
381,great humour
382,tom hanks
383,svart humor
384,dystopi
385,meatloaf
386,post apocalyptic
387,in netflix queue
388,alone in the world
389,native
391,very effective horror
392,funniest film ever
393,brillant film
394,hilarious
395,wizards
396,quirky
397,thriller
398,less than 300 ratings
399,dramatic
400,friendship relations
401,intervius
402,adolescent gays
403,adolescence gays
404,adapted classic novel
405,drag queen movie
406,male nudity
407,horrible finish
408,brasil
409,good cry
410,high fantasy
411,i see dead people
412,magic
413,children
414,fable
415,romance
416,fairy tales
417,kevin spacey
418,nicolas cage
419,vhs
420,tv
421,tragedy
422,mario
423,god like
424,terror
425,spoiled
426,old dudes
427,italian
428,inspire
429,soccer
430,lol
431,sand
432,oil slick
433,fat black dudes
434,sixth sense
435,invisible
436,foozball
437,telekenisis
438,game
439,yell
440,noob
441,ninja
442,little friend
443,pervert
444,boom
445,dead dude
446,space travel
447,gwyneth paltrow
449,robert rodriguez
450,political
451,action spoof
452,seen 2007
453,absolutely hilarious
455,mike myers
456,denzel washington
458,revenge
459,adventure
460,bw
461,low budget
462,painful
463,car
464,pinkfloyd
465,animation
466,governator
467,bruce
468,speed
469,rocky
471,rock
472,keanu reeves
473,drama
474,babe
475,arnold
476,pg
477,balboa
478,tom cruise
479,guitar
480,sylvester stallone
481,ei muista
482,katso sanna
484,ganska tam krigsrulle
485,bond
487,merchantivory
488,robin williams
489,not at library
490,road movie
491,exceptional acting
492,netflixq
493,chaplin
494,dylan thomas
495,wales
496,great soundtrack
497,christmas
498,poetry
499,biography
500,favourite
501,want to see again
502,twist ending
503,violently
504,hit men
505,halloween
506,dark
507,turning a new leaf
508,mrs robinson
509,jack black
510,ensemble cast
511,models
512,too many secrets
514,power of myth
515,environment
516,amusing
517,terrible
518,excellent
519,ultraviolence
520,guy ritchie
521,violent
522,powerpoint
523,carjacking
524,anarchy
525,product placement
528,witty
529,phone booth
531,keyser soze
533,soylent green
534,interesting
535,global warming
536,minnesota
537,parkour
538,car chase
539,military industrial complex
541,twist
542,setec astronomy
543,space western
544,western
552,science fiction
553,kidnapping
554,gay
555,peter jackson
556,nick hornby
557,australian
558,phillip pullman
560,mathematics
561,julia roberts
563,surprisingly funny
564,drew barrymore
565,new zealand
566,super interesting
567,amazing photography
568,multilayered
569,supernatural
571,virus
572,oscar
573,wine and romance
574,tasse de chocolat
575,sweet and romantic
576,amazing
578,gypsy accent
579,funny as hell
580,british
582,owned
583,dvd
584,british gangster
585,exquisite plotting
586,inspirational
587,bibliothek
588,karate
589,asdasd
590,sdasd
591,mentiroso
592,casamento
593,ass
594,arma nua
595,nudity (rear)
596,dinosaurs
597,the
598,squid and the whale
599,indie
600,dave chappelles block party
602,great movie about saints
603,san francisco
604,new version classical
605,classic
606,courtroom
607,paul giamatti
608,conspiracy
609,hard to watch
610,depressing
611,psychology
612,brainwashing
613,law enforcement
614,police corruption
615,genius
617,entirely dialogue
618,spying
619,immortality
620,schizophrenia
621,sundance award winner
622,philosophical
623,gangsters
625,addiction
626,mass behavior
627,darren aronofsky
628,math
629,multiple storylines
630,organized crime
633,true story
634,assassin
635,end of the world
637,joker is cool
638,robert de niro
639,007 rocks
641,zombies
642,peter lorre
643,alan rickman
644,cult film
645,welldirected
646,mind numbingly boring
647,romantic comedy
648,not believable
651,seen more than once
652,very estrange
654,dragon
655,video game adaptation
656,queer
657,james bond
660,ron howard
661,confused plot
662,tense
663,heartwarming
664,kids
665,chick flick 212
666,disappointing
667,very strong language
668,weak story
669,dreamlike
670,intelligent thriller
671,language
672,clever
673,nudity
674,test tag
675,too long
676,seeout
678,hollywood
679,see zoolander
680,mumbai
681,smuggling
682,action packed
683,life story
684,suicide
685,wasted life
686,martial arts
687,love
688,trailer home
689,politics
690,old men
691,shortterm memory loss
692,friendship
693,vengeance
694,powerful ending
696,brutal
697,mentor
698,slum
699,creepy
700,culture clash
701,philosophy
702,revange
703,epifedrine
704,psychological
705,revenge trilogy
706,new york city
707,imagination
708,classic car
709,panic
710,good dialogue
711,cannibalism
712,anime
714,justice
715,jason statham
716,christian bale
717,life & death
718,adrenaline junkie
719,videogame like
720,parallel universe
721,prison escape
722,affair
723,undercover cop
724,adrenaline
725,infection
726,alternate universe
727,mindfuck
728,alternate world
729,black comedy
730,adaptation
731,financial problems
732,handycam
733,identity
734,poverty
735,psychological drama
736,personality change
737,bloody
738,twists & turns
739,gang
740,japan
741,jodie foster
742,scary
743,saved by the ending
744,vinyeard
745,homophobic
746,angelina jolie
747,remake
748,the most romantic
749,up lifting
750,future
751,dream house
752,family
753,foreign
754,brad pitt
755,winery
756,excellent script
757,arturo perezreverte
759,lars von trier
760,sofia coppola
761,oscar (best cinematography)
762,sean penn
763,zach braff
764,holly hunter
765,jude law
766,harvey keitel
767,al gore
768,jane campion
769,sienna miller
770,matt damon
771,anthony minghella
772,michael moore
773,sacha baron cohen
774,baz luhrmann
775,clint eastwood
776,alejandro gonzalez inarritu
777,paul thomas anderson
778,john le carre
779,president
780,aaron sorkin
781,usa film registry
782,extramarital affair
784,aspergers syndrome
785,david o russell
786,airplane accident
787,voters
788,asperger syndrome
789,oil
791,short
792,autism
793,golf
794,torture
795,cheesy ending
796,desert
797,trainspotting
798,parenthood
800,patriotism
801,romcom
802,real doll
803,delusion
804,ww2
805,bullying
806,election
807,deus ex machina
808,george lucas
809,bad afrikaans accent
810,movie physics
811,pledge of allegiance
814,tits
815,obnoxious
816,sean connery
817,damn dirty apes
818,rent with shelly
819,kids movie
820,no kids
821,beautiful story
823,hamlet
824,bwahaha love it
825,crazy ass movie
826,myeh
829,original is better
830,badbut so goodlolz
831,<3
832,another big favourite
833,this is just shithaha
834,so amazing
835,best ever
836,stupid and unnecessary
837,i love this movie
838,scifi dark
839,action homage
845,da
859,ne
861,starving
862,crap horror
863,rhino action :d
864,awesomely bad
865,heartwrenching
866,visual
867,young kids
868,thinker
869,kids fun
870,mel gibson
871,musical
872,goldenglobe
873,narrative
875,michael douglas
876,definite chick flick
878,noire
879,hutz
880,noir
881,bogart
882,nicolson
883,los angeles
884,monty python
885,religion
886,stylish
887,70mm
888,humor
889,modern fantasy
890,wartime
891,paris
892,girlie movie
893,scifi cult
895,supermarket
896,animated
897,jennifer aniston
899,videogame
900,disney
901,cute
902,extremely violent
903,chinese
904,epic
906,girl
907,cars
908,wwii
909,great camera work
910,high school
911,strangely funny
912,the rock
913,boobs
914,egypt
915,pig
916,football
917,native americans
918,grocerystore
919,private school
922,a legend
923,life in general
924,courage
925,terminal illness
926,sexualized violence
927,bdsm
929,good direction
930,damsel in distress
931,racist humor
932,homoerotic
933,strong start weak finish
934,alan cumming
935,m night shyamalan
936,gratuitous
937,john waters
938,amazing fight choreography
940,glbt
942,bad one liners
943,old graet
944,spoof
945,samurai
946,crap
948,good for sema
949,wes craven thriller
952,france
953,martialarts
954,excellent story
957,fight club
958,good romantic comedies
959,kristen bell
960,keira knightley
961,winona ryder
962,scarlett johansson
963,alexis bledel
965,good music
966,liv tyler
967,meg ryan
969,mena suvari
970,john travolta
971,love story
972,duendes
973,pacifistas
974,expresionismo aleman
975,complot
976,acidly funny
977,secret service
978,musica
979,yakuza
980,brothers
981,comic
982,robo
983,marihuana
984,social control
985,marvel
986,memoria
987,biografia
988,free software foundation
989,tales
990,infierno
991,drogas
992,kazajistan
993,linus torvalds
995,manga
996,jazz
997,gangs
998,cuentos
999,maquinas
1000,argentina
1001,japon
1002,legend
1003,angeles
1004,condena a muerte
1005,neil gaiman
1007,mulas
1008,laberinto
1009,circo
1010,sexual abuse
1011,aliens invasion
1012,escritor
1013,padre e hijo
1014,dictadura
1015,colombia
1016,rusia
1017,narcotrafico
1018,gnomos
1019,futuro
1020,virgen
1021,dead
1022,cocaina
1023,murder
1024,mexico
1025,mentiras
1026,lauberge espagnole part 2
1027,linux
1028,lobo
1029,realidad
1031,palacio
1032,dinero
1033,caperucita roja
1034,spanish civil war
1035,historia
1036,spain
1037,catch
1038,eomwn life in spain
1039,latin jazz
1040,chile
1041,dragons
1042,paz
1043,infidelity
1044,murder investigations
1045,faerie tale
1046,crimen
1047,lucha libre
1048,open source
1049,epico
1050,zombie movie
1051,real people
1052,yeah
1053,yuppies
1054,baby
1055,chandler
1056,mccarthyism
1057,screwball comedy
1059,too many celebrities
1060,redemption
1061,based on a book
1062,best of de palma
1063,ennio morricone
1064,leonardo dicaprio
1065,disturbing
1066,trippy
1067,david duchovny
1068,awful end
1069,gay lead character
1070,ending low budget
1071,guy flick
1072,sff
1073,british slap stick
1074,sarcasm
1076,profound and life changing
1077,shock and truth
1078,realistic
1079,orphans
1080,addictive
1082,fantastic
1083,fathers and sons
1084,fate
1085,legenda ptbr
1087,marijuana
1089,genetics
1090,realistic sci/fi
1091,classical
1092,goretastic
1093,hot girls
1094,best of 2005
1095,basketball
1096,no idea
1097,cool
1098,didnt see
1100,diary
1101,civil war
1102,harry potter
1103,scary movie
1104,not very good
1105,too violent
1106,not seen
1107,ok
1108,batman
1109,lots of guns
1110,lots of blood
1111,no dialogue
1112,no story line
1114,best of bond
1115,incest
1116,world politics
1117,israel
1118,ambiguous
1120,better than expected
1121,pg13
1122,johny deep
1123,hitchcock
1124,hackers
1125,underdogs
1126,steven spielberg
1128,kids and family
1130,rags to riches
1131,disapointing
1132,bad science
1133,miyazaki
1134,studio ghibli
1135,theater
1136,nudity (full frontal)
1137,eminem is a victim
1138,incredibly troubled production
1140,black and white
1141,underrated
1142,madetoorder cult movie
1143,overlydramatic
1144,lays it on thick
1145,longest tag ever
1146,amazing classic
1148,flat characters
1149,bleak
1152,lost classic
1153,intimate
1154,racist rubbish
1155,dated humour
1156,better than the first
1157,john cazale
1158,dreams
1159,understated
1160,dramalama
1162,amazing cinematography
1163,mission from god
1165,touching
1166,gong li
1167,silas marner
1169,intense
1170,awesome classic
1174,plotless
1176,french
1177,shit on a stick
1178,chuck norris
1179,classic manga
1180,good story
1181,montypython
1182,classic animation
1183,good dialogues
1184,bruce willis
1185,classic crime
1186,arnold schwarzenegger
1187,good documentary
1188,anthony hopkins
1189,good comedy
1190,good animation
1191,good thriller
1192,classic thriller
1193,jim carey
1194,will smith
1195,good drama
1196,good manga
1197,good soundtrack
1198,classic comedy
1199,book better than movie
1200,great cast excellent
1201,climatic
1203,without annoying montages
1204,suprisingly clever
1205,crude but pivotal
1206,my recommendation
1207,george w bush
1208,mustsee
1209,austin
1210,protest
1211,carey
1212,fabulus
1216,paranoid
1217,truman capote
1218,clearplay
1219,sigourney weaver
1220,ice cube
1221,brendan fraser
1222,chick flick
1223,kevin bacon
1224,adapted from:book
1225,norman mailer
1226,love mr tumnus
1227,catherine deneuve
1228,sean bean lives
1229,fear of airplanes
1230,christian
1231,go sophie marceau
1232,stark
1233,sophie marceau
1234,tatum o neal
1235,shooting and shooting
1236,saliva song rocks
1237,honor
1238,writing process
1239,cinematography
1240,great cinematography
1243,originals are best
1244,great book okay movie
1245,good series
1247,war drama
1249,awww
1250,so funny
1251,wonderfully warm and amusing
1253,very funny
1255,predictable movie
1256,surprisingly good
1259,disaster
1260,harrison ford
1261,plot point:solving riddles/puzzles
1263,retro
1265,a reasonable remake
1266,just like the book
1268,neverending
1269,muppets
1270,clancy
1271,bud spencer
1272,terence hill
1273,christopher walken
1277,cant remember
1278,guillermo del toro
1279,charlie sheen
1280,jonossa
1281,lataappa
1282,fiction
1284,payne
1285,jackson
1286,orson wells
1287,coppola
1288,kubrick
1290,3d
1291,lots of characters
1292,jason schwartzman
1294,milla
1295,terrorism
1296,depp
1297,takeshi kitano
1298,toshiro mifune
1299,palestine
1300,comics
1301,josh whedon
1302,kurosawa
1303,kim kiduk
1304,gilliam
1305,ewan mcgregor
1306,alan moore
1307,helen mirren
1308,gay cowboy
1309,screwball
1310,dor
1311,sip
1312,nyong
1313,try
1314,controversial
1315,split personality
1316,writer
1318,teens
1320,shakespeare
1321,jim carrey as godscary
1322,rotoscope
1323,hunter s thompson
1324,junkies
1325,so bad its good
1326,sir john candy
1327,muslim
1328,stuttering
1329,pinup
1330,war profiteering
1331,california
1332,political action
1333,glamour
1334,languages
1335,antidepressants
1336,torture (scene)
1337,freegrazing
1338,single parents
1340,geek
1341,absent fathers
1342,race riots
1343,israeli/palestinian conflict
1344,depression
1345,native american
1346,collaborators
1347,growing up
1348,oreo
1350,dungeons & dragons
1351,grand prix
1352,waterboarding
1353,working class
1354,feudalism
1355,engrish
1357,macabre
1358,debate
1359,intelligence operations
1360,guerilla warfare
1361,video games
1363,judaism
1364,rape
1365,blues
1366,loner
1367,cowboy
1368,colonialism
1369,glitz
1370,firefighters
1371,outcast artist
1372,hanukkah
1373,goth
1374,mountain man
1375,racing
1376,obstinance
1377,linguistics
1378,prohibition
1379,kansas history
1380,drug dealing
1381,rohypnol
1382,stylized
1383,homebuilding
1384,drunkeness
1385,deal with the devil
1386,variations on a theme
1387,polygamy
1388,encryption
1390,mutually assured destruction
1391,golden gate bridge
1393,occupation
1394,texas
1395,olympics
1396,mandala
1397,japanimation
1398,rebellion
1399,great chase scenes
1400,stoner movie
1401,loss
1402,jewish
1403,brotherbrother relationship
1404,quantrails raiders
1405,antihero
1406,corporate espionage
1407,buddhism
1409,tearjerker
1410,cheating
1411,jennifer connoly:topless
1412,filmmaking
1413,police state
1414,special forces
1415,singers
1416,taoism
1418,tattoos
1419,roofies
1420,partisanship
1421,melodrama
1422,alcoholism
1423,competition
1424,donkey kong
1425,toplist
1426,sport:boxing
1427,crazy
1428,mumblecore
1430,bit corny
1431,gross
1432,good oldskool movie
1433,generation x
1434,fairy tale
1435,sweeping
1436,cliched
1437,daft
1438,unrealistic
1439,ethan hawke
1440,sweet
1441,uninspired
1442,real world
1444,populistic
1445,jane austen
1446,crazy mother
1447,obscure
1448,english
1450,teen
1451,romantic
1452,mel brooks
1455,john wayne
1456,ironic
1457,parody
1458,so bad its funny
1459,unique
1460,road trip
1464,cruel
1465,early punk
1466,dumb
1467,jermaine clement
1468,wierd
1469,enjoyable
1470,jack nicholson
1471,john belushi
1472,robert downey jr
1473,stoner
1474,tearful
1475,gap commercial
1476,to old
1478,audrey hepburn
1479,grunge
1480,90s
1481,period drama
1482,political drama
1484,and characters
1486,interesting concept
1487,wakeup call
1489,beautifull places wonderfull story
1491,hillarious comedy
1492,touching story of friendship
1493,great drama
1494,entertaining
1495,popcorn flick
1497,interesting movie
1498,weak romantic movie
1499,nice drama
1500,bad
1501,bad jim carrey film
1502,cellos
1503,really good
1504,narrated
1506,being a kid again
1507,animal attacks
1508,predictable
1509,family bonds
1510,science
1511,silly
1512,romeo and juliet
1513,witch
1514,scarecrow
1515,spies
1516,lottery tickets
1517,father daughter relationship
1518,monster
1519,airplane
1521,flying monkeys
1522,tin man
1523,switching places
1524,silly but good
1525,cyborgs
1526,ridiculous
1527,lion
1528,shark
1529,home invasion
1530,cross dressing
1531,cancer
1532,womens lib
1533,bad cop
1534,rage virus
1535,must see
1536,scientology
1537,matrix
1538,neo
1539,the one
1540,mind fuck
1541,jean reno
1542,london
1543,blue bullet
1544,killer
1545,dustin hoffman
1546,michelle monaghan
1547,danny kaye
1548,thomas jane
1549,vince vaughn
1550,demi moore
1551,natalie portman
1552,javier bardem
1553,robert altman
1554,criterion
1555,current
1556,catherine mccormack
1557,chanwook park
1558,john cusack
1560,vinnie jones
1561,nicole kidman
1563,kurt russell
1564,william hurt
1565,heath ledger
1566,luc besson
1567,roberto benigni
1568,robert carlyle
1569,bollywood
1570,rachel weisz
1571,jake gyllenhaal
1572,violence pornography
1573,jaws (bond)
1574,dogs
1576,college
1577,ghost
1578,storm
1579,party
1580,metaphysics
1581,virgin
1582,reflective
1583,black
1584,pimps
1585,ark of the covenant
1586,primitive peoples
1587,cinderella
1588,nick and nora charles
1590,masculine
1591,bodybuilding
1592,lifebuoy
1593,senses
1594,saturday night live
1595,80s
1596,courtroom drama
1597,mayhem
1598,exploitation
1599,arabs
1600,whales
1601,elephants
1602,japanese horror rennaisance
1603,taxidermy
1604,70s
1605,mpaa
1606,roald dahl
1607,60s
1608,sexuality
1609,interracial marriage
1610,19th century
1611,first love
1612,30s
1613,chocolate
1614,space opera
1615,dickens
1616,dark fantasy
1617,cultural exchange
1618,human body
1619,swearing
1620,transsexuals
1622,pocahontas
1623,special olympics
1624,red ryder
1625,scotland
1626,father and son
1628,middle east
1629,mr hyde
1630,sex
1632,alcatraz
1635,men
1636,elektra
1637,xenomorph
1638,lemurs
1639,geisha
1640,shrimp
1641,dc
1642,hawaii
1643,transformation
1645,cg
1646,wedding
1647,death penalty
1648,gender identity
1649,cruelty
1650,rain forest
1651,improv
1652,lions
1653,john grisham
1654,circus
1655,broadway
1656,johnny cash
1657,neorealism
1658,bioterrorism
1659,disacknowledged
1660,sandow
1661,thailand
1662,court
1663,birds
1664,immortals
1665,ozuka
1666,illiteracy
1667,village
1668,80s music
1669,evil children
1670,cures
1671,big bad wolf
1672,metal disability
1673,oz
1674,scent
1675,prostitution
1676,child birth
1677,music videos
1678,kickboxing
1679,bluntman and chronic
1680,fashion
1681,punishment
1682,christianity
1683,mina harker
1684,muay thai
1685,mockumentary
1686,workplace
1687,bad kids
1688,frankenstein
1689,rashomon
1690,green
1691,prejudice
1692,miniaturization
1693,buddy comedy
1694,robot
1695,marriage
1696,machines
1697,asians
1698,monty python alumni
1699,haunted house
1700,stoner comedy
1701,hunchback
1702,meditative
1703,t&a movie
1704,hitman
1705,volkswagen
1706,campy
1707,dude comedy
1708,tokyo
1709,train
1710,holy grail
1711,computer generated
1712,captain nemo
1713,medicine
1714,dorian grey
1715,dreamworks
1716,agatha christie
1717,daredevil
1718,comedy central
1719,puppets
1720,new york
1721,elementary school
1722,fire bombing
1723,two strip technicolor
1724,tolkien
1726,mining
1727,moon
1728,horses
1729,writing
1730,beatles
1731,raunchy
1733,ufos
1734,borat
1735,motorcycle
1736,penguins
1737,ohana
1738,family drama
1739,jerry bruckheimer
1740,teen pregnancy
1741,male selfdegredation
1742,bush bashing
1744,hippos
1745,devil
1746,ambition
1747,little red riding hood
1748,superheroes
1749,werewolf
1750,unhappy ending
1751,flop
1752,psychic powers
1753,donkey
1755,jay and silent bob
1756,kermit
1757,rage
1758,adult swim
1759,rock and roll
1760,virginia
1761,submarine
1762,strippers
1763,lying
1764,view askew
1765,bank robbery
1766,spice girls
1767,nun
1769,gorilla
1770,quiet
1772,satan
1773,cgi
1774,union street
1775,silent
1776,hip hop
1777,great britain
1778,erotica
1779,crunk
1780,hannibal lector
1782,beauty pageant
1783,franchise
1784,motion capture
1785,comic book adaption
1786,marionettes
1787,mtv influence
1788,baltimore
1789,pulp
1790,stunts
1791,elves
1792,nerd
1793,ziegfeld follies
1794,navy
1796,stop motion
1798,homeless
1800,communism
1801,cultural conflict
1802,fantasy world
1803,werewolves
1804,american culture
1805,boys own story
1806,cats
1807,mac guy
1808,free speech
1809,pigs
1810,feminism
1811,girls
1812,cerebral
1813,tranvestism
1814,dry
1815,muscle
1816,famous theme song
1817,miss piggy
1818,sexy food
1819,christopher columbus
1820,nasa
1821,chestburster
1822,journalism
1823,sesame street
1824,sikh
1825,fountain of youth
1826,sad
1827,guys
1828,exotica
1829,camp
1830,candy
1831,mascots
1832,voyeurism
1834,luke skywalker
1837,singing
1838,gross out
1839,aquarius
1840,widow
1841,cult classic
1842,ogres
1843,jungle
1844,burlesque
1845,evil
1846,dance
1847,hobbits
1848,nerd anathema
1849,united states
1850,mascot
1852,tom clancy
1853,guilty pleasure
1854,cartman
1857,comic strip
1858,mtv
1859,lestat
1860,universal monsters
1861,convicts
1862,overlooked classic
1863,teen angst
1864,dancing girls
1865,anthropology
1866,casinos
1867,race
1868,costume drama
1869,stage magic
1870,beer
1871,farelly brothers
1872,horse racing
1873,invisible man
1874,wrongful imprisonment
1875,giraffes
1876,talking animals
1877,minstrel show
1878,dream
1879,satanism
1880,anne rice
1881,heman
1883,kitsch
1884,alan quartermain
1885,dancing
1886,stapler
1888,homosexuality
1889,sensuality
1891,zebras
1892,darth vader
1893,christian metaphors
1894,rappers
1895,skeletor
1896,psychedelic
1897,magic realism
1898,orgy
1899,africa
1900,office
1902,80s nostalgia
1903,psychedellic
1904,monsters
1905,metaphor
1906,women
1907,sexism
1908,african american
1909,america
1910,supercalifragilisticexpialidocious
1911,book
1914,space battle
1915,bfi modern classic
1917,great use of music
1918,misunderstood
1919,velocoraptors
1920,great ending
1922,movie about smug
1923,selfsatisfied people
1924,turd
1925,erlends dvds
1926,wwwthestopbuttoncom
1927,wine
1928,obsession
1929,mark walberg
1930,unorganized
1931,kickass
1932,goofy
1933,good
1934,black hole
1935,barbarian
1936,cia
1937,social commentary
1939,biomorph
1940,super hero
1941,fish
1942,king arthur
1943,yellow
1944,time
1945,slipper
1946,snow
1947,yoda
1948,t x
1949,shape changer
1950,jet
1951,brain
1952,responsibility
1953,carbonite
1954,explosions
1955,terminator
1956,chewbacca
1957,journey
1958,demon
1959,blood
1960,snakes
1961,jedi
1962,hoth
1963,system
1964,shape shifter
1965,automatic weapon
1966,han solo
1967,simpson
1968,queen
1969,firearms
1970,ugly duckling
1971,wizard
1972,red slippers
1973,run
1974,guns
1975,obi wan
1976,18 wheeler
1977,toto
1978,survive
1979,asimov
1980,swords
1981,droids
1982,painting
1983,orcs
1984,trust
1985,marooned
1986,billy crystal
1987,john connor
1988,sith
1989,jango fett
1990,red
1991,game over
1992,mortality
1993,runt
1994,dennis hopper
1995,card games
1996,dog
1997,john carpenter
1998,body
1999,cb
2000,conviction
2001,buzz lightyear
2002,flame thrower
2003,henry fonda
2004,ping pong
2005,holiday
2006,chocolates
2007,eggs
2008,dorothy
2009,scripture
2010,human prey
2011,bible
2012,will ferrell
2013,alens
2014,powers
2015,hunters
2016,dwarves
2017,peter
2018,melee
2019,mad max
2020,toy
2021,treasure
2022,questioning
2023,light saber
2024,rain
2025,flowers for algernon
2026,replicants
2027,acorn
2028,catholic
2029,inside
2030,microscopic
2031,box
2032,castle
2033,high
2034,tornado
2035,reformation
2036,giant
2037,killer whale
2038,conscience
2039,death star
2040,stripping
2041,millenium falcon
2042,trinity
2043,ark
2044,ben stiller
2045,ring
2046,heart
2047,art
2048,irreverant
2049,cg animation
2050,bespin
2051,jets
2052,museum
2053,obi wan kenobi
2054,glove
2055,clone war
2056,tie fighter
2057,board game
2058,orc
2059,r2 d2
2060,jfk
2061,woody
2062,chicken
2063,cs lewis
2064,oj
2066,mozart
2067,money
2068,weapons
2069,post apocalypse
2070,stranded
2071,i am your father
2072,immune
2073,x wing
2074,gun
2075,green goblin
2076,snake
2077,sea monster
2078,princess
2079,traps
2080,force
2081,leia
2082,santa claus
2083,travel
2084,egg
2085,sky
2086,grand
2087,behavior modification
2088,bruce wayne
2089,combat
2090,power
2091,tx
2092,sci fi
2093,cards
2094,hero
2095,c3po
2096,shape
2097,team
2098,cb radio
2099,foul language
2100,winter
2101,injuries
2102,dodgeball
2103,mary
2104,highway
2105,action figure
2106,luke
2107,purpose
2108,snake plissken
2109,believe
2110,father
2111,super
2112,john denver
2113,enemy
2114,agent smith
2115,theif
2116,octopus
2117,morpheus
2118,beaver
2119,toys
2120,action figures
2121,timeless themes
2124,very well made
2125,meaning lost in adaptation
2126,i dont like documentaries
2127,preview was better
2128,smart humor
2130,incoherent
2131,did i miss something
2132,pointless
2133,leonard nimoy
2134,urbane
2136,movie to see
2137,joe dante
2138,unnecessary
2139,concert
2140,irsh
2141,good dvd features
2142,postpunk
2143,supremely sexy
2144,breakthroughs
2145,joan greenwood
2146,pink
2147,flawed
2148,ammhorror
2149,ammdrama
2150,ammaction
2151,ammchickflicks
2152,crime family
2153,notable nudity
2155,trash
2156,lmao
2158,emma thompson
2159,kevin costner
2160,nathan filion
2161,gansters
2162,kenneth branagh
2163,joss whedon
2164,jackie chan
2165,past life
2166,mixed marriage
2168,sdf
2169,insightful
2170,excellent historical depiction
2171,danny boyle
2172,voodoo
2173,jamaica
2174,cops
2175,alternate reality
2176,mind
2177,imaginary friend
2178,deer
2180,spiders
2181,slasher
2182,kathy bates
2183,crime gone awry
2184,stallone
2185,schwarzenegger
2186,out of order
2187,caper
2188,summer
2189,feel good
2190,stunning
2191,fencing
2192,cole porter
2193,true love
2194,firefly
2195,drug rings
2196,television
2197,graphic novel
2198,wwi pacificsm
2199,big tobacco
2200,twelfth night
2202,sequels
2204,remakes
2206,video game
2207,iraq
2209,witchhunts
2210,gnosticism
2211,postmodern
2212,magazines
2213,conspiracy theory
2214,internet
2215,gymnastics
2216,cuba
2221,brilliant heistsa funny
2223,cant stand godard
2225,a whimsical
2227,youve seen them all
2229,characters with great depth
2231,rakkautta ja anarkiaa
2232,danish
2233,very little dialogue
2234,hiff
2235,buddy
2236,cycling
2239,netflix
2240,better
2241,tarantino
2243,dialogue
2244,scenic
2245,black humour
2246,eighties
2247,dialogue driven
2249,character driven
2250,filim noir
2251,racist history
2253,must watch/own
2254,my favourite
2257,incredible
2258,great scifi
2259,see
2260,historical
2261,afternoon section
2262,bad copy of saw
2265,great performance by pacino
2267,great dialogue
2268,well acted
2273,standard disney storyline
2275,good story line
2276,spaghetti
2277,great plot
2278,well scripted
2280,hot girl
2282,simply terrific
2283,slick
2284,great direction
2285,terrific cast
2288,great car chase scenes
2290,predictable results
2291,great promise
2292,unwatchable
2293,computer animation
2294,assassins
2295,remade
2296,action thriller
2298,good but not great
2300,prison break
2302,immature
2303,mediocre plot
2304,worst ever
2305,pygmalion
2306,philosopical
2307,fantacy
2308,val kilmer
2309,spy
2310,international
2311,lichen
2312,richard gere
2313,vigilante
2314,elisabeth shue
2315,milla jovovich
2316,deep
2318,daniel radcliffe
2319,funny bclass fantasy
2320,quite okay
2321,from tarantino
2323,good movie
2324,amazing western
2325,quite good thriller
2326,not so good
2327,arnies best movie ever
2328,okay
2329,good scifi
2330,great animation
2332,good movie from depp
2333,okay once
2335,funfunfun
2336,seen several times
2337,unintentionally funny
2341,morgan freeman
2343,vincent cassel
2344,leonor watling
2345,xfiles
2346,stephen rea
2347,gary sinise
2348,robert duvall
2349,the best of jaws
2351,ziyi zhang
2355,very strange
2356,emotion
2357,godard
2358,matheus nachtergaele
2359,gary oldman
2360,kate hudson
2361,for kids
2362,antonio banderas
2364,kate winslet
2366,more or less
2367,david carradine
2370,janet leigh
2371,russell crowe
2372,geoffrey rush
2374,helen hunt
2375,so so
2376,very good for kids
2377,olivia newtonjohn
2378,the film
2381,kirsten dunst
2382,the original is better
2383,kar wai wong
2384,wes craven
2386,ed harris
2387,the japanese is better
2389,benicio del toro
2390,john turturro
2391,guy pearce
2393,al pacino
2395,sean young
2398,a classic
2399,uma thurman
2401,tobey maguire
2402,to kids
2403,madeleine stowe
2404,good for kids
2405,the best of
2406,ridley scott
2407,madonna
2409,its all true
2410,dogma 95
2411,brian de palma
2417,the best of terminator
2418,christopher lloyd
2420,steve mcqueen
2421,very good thriller
2422,very interesting
2425,very clever
2427,annette bening
2428,mathieu kassovitz
2429,very good edition
2431,julianne moore
2433,alice braga
2434,ralph fiennes
2435,good photography
2437,jeanpaul belmondo
2441,cate blanchett
2443,very boring
2444,michelle pfeiffer
2446,daniel daylewis
2449,allegorical
2450,filme1
2451,morgan spurlock
2452,francis ford coppola
2453,robert mulligan
2454,richard marquand
2455,story
2456,bryan singer
2457,gene kelly
2458,john huston
2459,michel gondry
2460,john landis
2461,sidney lumet
2462,oliver stone
2463,yoji yamada
2464,neil jordan
2465,david fincher
2466,john lasseter
2467,uk
2468,michael mann
2469,jacob aaron estes
2470,robert zemeckis
2471,filmnoir
2472,stanley donen
2473,tim robbins
2474,james cameron
2475,andrew davis
2476,michael curtiz
2477,john mctiernan
2478,alan j pakula
2479,play
2480,monaco
2481,usa
2482,john singleton
2483,article
2484,west germany
2485,irvin kershner
2486,mysterious
2488,rococo
2490,favorite
2491,good message
2492,wellmade
2493,boyonboy action
2494,amazing sountrack
2495,semiotic
2496,amazing soundtrack
2497,quirky good
2498,spot the patterns
2500,french lesbian love story
2501,humanity
2502,french new wave
2503,sophia loren
2504,italian bittersweet romance
2505,hollywood witchhunt
2506,compassion
2507,scandinavian summer
2508,generous
2509,beautifully photographed
2510,bergman
2511,bravery
2512,gripping
2513,bittersweet
2514,russian communist tragedy
2515,brilliance
2516,slash
2518,my favourite of all
2523,underrated piece of genius
2525,make love to it
2526,il film perfetto
2527,la vie en rose
2528,disappointing from two geniuses
2532,the greatest
2533,elton john
2534,spectacular action scenes
2535,reality or imagination
2536,footall
2537,amigos
2538,atmospheric
2540,runaway
2541,emotional
2542,waste of time
2543,excellent movie
2544,pediatrics
2545,underwater
2546,psychiatry
2547,medschool
2548,september 11th
2549,doctor
2550,left wing
2551,liberal
2552,slop
2553,joke
2554,britain
2555,best one
2556,bazooka
2557,flashbacks
2558,very violent
2559,homeland security
2560,fetish clothes
2561,ending twist
2562,teen movie
2563,redneck
2564,invasion
2565,electricity
2566,drowning
2567,teleportation
2568,deathray
2569,single father
2570,surprising ending
2571,blonde
2572,gore
2573,breasts
2574,hit by car
2575,get this
2576,wanttosee
2577,pierce brosnan
2578,joaquin phoenix
2579,patrick stewart
2580,mormon
2581,futuristmoviescom
2582,coup
2583,unforgetable
2584,military life
2585,plot twist
2586,covert operation
2587,russians
2588,cover
2590,humane
2591,disco
2592,penguin
2593,harlin
2594,serious
2595,bloodshed
2596,death
2597,whimsical
2599,odysseus
2600,strong
2601,independence
2602,bluegrass
2603,whodunnit
2604,clay
2606,mystic
2607,spy thriller
2608,homeros
2610,bob geldof
2611,nuclear bomb
2612,tricky
2613,progressive
2614,beautiful
2616,striptease
2617,oneliners
2618,shooting
2619,rare
2620,golden palm
2621,wesley snipes
2622,jessica biel
2623,computer game
2624,jennifer garner
2626,perfect
2628,high camp
2629,aids
2630,framed
2632,heroism
2633,toilet humour
2634,psychopaths
2635,funeral
2636,drug abuse
2637,scandal
2639,shit
2640,standup comedy
2641,lawsuit
2642,zombie
2644,nyc
2645,jail
2646,la
2647,animal movie
2648,stand up
2649,phone
2650,confusing
2651,pop culture
2652,investigation
2653,korea
2655,robbery
2656,novelist
2657,arms dealer
2658,haley joel osment
2659,great depression
2661,media
2662,wacky
2663,distopia
2664,business
2665,super boring
2666,law
2667,cheesy
2668,flawed but worthwhile
2669,classic performance
2670,breathtaking
2671,brilliant
2672,special
2674,popular philosophy
2675,death of a parent
2676,iran
2677,disfunctional family
2678,skinhead
2679,regrets
2680,skateboarding
2681,grindhouse
2682,white trash
2684,iraq war
2685,bogart & bacall
2686,humphrey bogart
2687,ingrid bergman
2688,film noir
2690,video game testers
2691,thought provoking
2692,immoral
2693,based on a comic
2694,feelgood
2695,frustrating to watch
2696,rear window clone
2697,serial killers
2698,mass hysteria
2699,excellent soundscore
2700,little dialogue
2701,heroic bloodshed
2702,perversion
2703,embarassed to watch
2704,iggy pop
2705,lush
2706,cryptic
2707,woody harrelson
2708,geriatric
2709,chevy chase
2710,killer squirrel
2711,fly fishing
2712,hotel
2714,okinawa
2715,clooney
2716,streisand
2717,seen 2006
2718,science fiction gone bad
2719,raunch
2721,hitchcock parody
2722,eastwood
2724,sequel fever
2725,cruise
2726,denzel
2727,blood and guts
2728,jesse ventura
2729,weird
2730,cartoonish
2731,foqam
2732,kid flick
2733,gene hackman
2734,schwartzenegger
2735,nr (r)
2736,r (language)
2737,nr (pg)
2738,nr
2739,te kijken
2741,great acting
2742,coming of age
2743,brazil
2744,torent
2745,disk
2746,spindle
2747,tobuy
2750,john woo
2751,owen wilson
2752,truck
2753,spielberg
2754,tom arnold
2756,michael pitt
2757,steve carell
2759,the photagraphy is amazing
2762,comedy and action
2763,it has drama
2765,great great movie
2766,the atmosphere very natural
2768,very smart movie
2771,great story
2774,oldschool
2775,fair
2776,adapted from the play
2777,stephen soderberg
2779,not historically accurate
2781,oppressive soundtrack
2782,nostalgic
2783,crom
2784,highschool
2785,sisters
2786,cult
2787,stiller
2788,knights
2789,wapendrama
2790,boksdrama
2792,favelas
2793,lobbyism
2796,still current
2797,muhammad ali
2799,steak in the face
2800,kusturica
2801,chomsky
2802,classic monster
2804,watched 2006
2805,emotional and heroic
2806,ambiguous ending
2807,beautiful film
2809,good acting
2810,refreshing
2812,fascinating characters
2813,couldnt watch twice though
2816,memorable characters
2817,believable
2818,my favourite character
2819,powerful
2820,great action
2821,cool costume
2822,confusing ending
2823,arty ending
2824,not predictive humour
2826,nobrainer
2827,drifiting
2828,pool
2829,vw
2831,quinten tarantino
2832,great steampunk action triller
2833,frightfully good
2834,too constructed
2835,its a bore
2836,brillant artists
2838,slow plot
2841,anstrengend
2842,best horror ever seen
2843,very girlish
2844,movie of its time
2845,good action
2846,ambitioned
2848,unusual
2849,oh so dramatic
2850,moral
2851,saved
2852,oskar schindler
2853,jews
2854,ad
2855,mossad
2860,not again
2861,oh no
2862,dusty bottoms up
2863,afternoon you wont forget
2867,wrongly accused
2868,asian culture
2869,questioning sexuality
2870,hitchcock film
2871,race issues
2873,gay relationship
2874,humorous
2875,1990s
2876,gay interest
2877,halle berry
2878,1980s
2879,on the run
2881,evolution
2882,piano
2883,spencer tracy
2885,harlan coben
2887,stockard channing
2888,mother son relationship
2889,cary grant
2890,donald sutherland
2892,toronto
2893,dominic cooper
2894,murder mystery
2895,university
2896,second chance
2898,surprise ending
2899,comedy romance
2900,twists
2901,real estate
2902,germany
2903,dvdr
2904,cheesy bad
2905,eddie murphy
2906,father son relationship
2907,snipes
2909,great actions
2912,crappy sequel
2914,shock value
2915,awesome
2916,author:agatha christie
2917,hercule poirot
2918,bad sequel
2919,hot pants
2921,to watch soon
2922,circus sideshow
2923,tivo
2924,toplist08
2925,toplist07
2926,toplist06
2927,tcm
2928,hdtv
2929,afi
2930,japanese
2932,popcorn
2933,technology
2934,natural disaster
2936,vague
2937,girl power
2938,lame
2939,mobster
2940,sendup
2941,series
2942,sick
2943,kevin smith
2945,depp and burton
2946,toni collete
2947,cloning
2948,fbi
2950,star trek
2951,selma blair
2952,dont watch it again
2953,get
2954,beautiful scenery
2955,own
2956,cameron diaz
2957,classical music
2958,opera
2959,elijah wood
2960,oscar (best supporting actor)
2963,ukraine
2964,christina applegate
2965,18th century
2966,meryl streep
2967,cutesy
2968,fresh
2969,one day
2970,neonoir
2971,fly
2972,husband wife relationship
2974,gold digger
2976,viggo mortensen
2977,spanish
2978,southern theme
2979,sdzd
2980,blaspheme
2982,flying
2983,relationships
2984,aeronautics
2986,watch the credits
2987,movielens top pick
2988,lynching
2989,jacques tati
2990,sequel better than original
2991,homoerotic hobbitonhobbit action
2992,cool but freaky
2994,enjoyed despite myself
2995,jimmy stewart
2996,travesty
2997,surpsing
2998,favorites
2999,useless
3000,dianne reaves
3001,puking
3002,jonathan richman
3003,misbegotten
3004,formative
3007,directorial debut
3008,recommendz top pick
3009,very sad
3010,no plot
3011,better than original
3012,irritating camera work
3013,ending lame
3014,lame ending
3015,amazing sequel
3016,games
3018,alien series
3019,biblical
3020,jesus
3021,tap dance
3022,bowling
3023,well done
3024,pretentious
3025,vera miles
3026,gia carides
3027,dan hedaya
3028,kathleen marshall
3029,karen allen
3030,jonathan brandis
3031,jim haynie
3032,jason alexander
3033,matthew macfadyen
3034,david herman
3035,sydney greenstreet
3036,mickey rooney
3037,mark lester
3038,john goodman
3039,ken sansom
3040,jackie butch jenkins
3041,tony randall
3042,richard whorf
3043,amy smart
3044,peter firth
3045,nick chinlund
3046,sean mccann
3047,lane smith
3048,adam brody
3049,glenn close
3050,rebecca de mornay
3052,bruce greenwood
3053,gilbert gottfried
3054,kirstie alley
3055,rip torn
3056,tiffany freisberg
3057,rebecca miller
3058,josef sommer
3059,denholm elliott
3060,roberta maxwell
3061,gary werntz
3062,briana evigan
3063,oscar isaac
3064,janet jackson
3065,ronald lacey
3066,sarah drew
3067,thomas kretschmann
3068,mongo brownlee
3069,lorraine bayly
3070,kadeem hardison
3071,richard dreyfuss
3072,nelson eddy
3073,bonnie hunt
3074,annie potts
3075,henry stephenson
3076,ling bai
3078,omar sharif
3079,anne heche
3080,marty belafsky
3081,claire danes
3082,jamie forman
3083,bob newhart
3084,stuart wilson
3085,harry dean stanton
3086,george bancroft
3087,david thewlis
3088,john corbett
3089,arthur malet
3090,robin wright penn
3091,frank finlay
3092,adrien brody
3093,faye dunaway
3094,flora cross
3095,natasha richardson
3096,hannah cresswell
3097,dougray scott
3098,queen latifah
3099,heidi kling
3100,harvey fierstein
3101,michael carman
3102,matthew mcconaughey
3103,alex d linz
3104,jessie royce landis
3105,horst buchholz
3106,lindsay lohan
3107,gabriele ferzetti
3108,mitchell whitfield
3109,adam rothenberg
3110,miguel ferrer
3111,philip jackson
3112,eddie redmayne
3113,martin short
3114,eliza bennett
3115,brenda de banzie
3116,gabriel macht
3117,vincent donofrio
3118,jeremy jordan
3119,walter pidgeon
3120,max von sydow
3121,dennis miller
3122,giovanni ribisi
3124,heather graham
3125,wanda sykes
3126,moira shearer
3127,milton berle
3128,bobby mauch
3129,thelma ritter
3130,alfre woodard
3131,arthur oconnell
3132,michael tucker
3133,may whitty
3134,louis calhern
3135,alan mowbray
3136,naseeruddin shah
3137,sandra bullock
3138,jim cummings
3139,leelee sobieski
3140,mandy patinkin
3141,aj langer
3142,gregory gast
3143,nelly
3144,juliette lewis
3145,nikita hopkins
3146,michael earl davis
3147,raul julia
3148,marcel dalio
3149,emily mortimer
3150,hayley mills
3151,montgomery clift
3153,sharon stone
3154,hanns zischler
3155,jared harris
3156,jennifer jason leigh
3157,luke wilson
3158,gene lockhart
3159,cuba gooding jr
3160,rock hudson
3161,linda fiorentino
3162,andrew mccarthy
3163,stanley swerdlow
3164,maureen osullivan
3165,karl michael vogler
3166,tobey macguire
3167,robert mitchum
3168,jimmy smits
3169,james earl jones
3170,lara flynn boyle
3171,adam lamberg
3172,brittany murphy
3173,mickey rourke
3174,natalie wood
3175,laurence fishburne
3176,matthew goode
3177,stanley townsend
3179,maureen lipman
3180,stephen young
3182,jenny wade
3183,kenneth welsh
3184,jean arthur
3185,annabeth gish
3186,joe folau
3187,lisa waltz
3188,brawley nolte
3189,tom drake
3190,mick jagger
3192,linda larkin
3193,william hickey
3194,joan leslie
3195,rich cooper
3196,jack lemmon
3197,eddie albert
3198,josh charles
3199,bill dickey
3200,rusty schwimmer
3201,elsamelys ulerio
3202,rade serbedzija
3203,lillete dubey
3204,gena rowlands
3205,ray walston
3206,buddy hackett
3207,lucy liu
3208,elaine hendrix
3209,george c scott
3210,richard attenborough
3211,jeff foxworthy
3212,mary gibbs
3213,herve villechaize
3214,john cleese
3215,leon ames
3216,justin bartha
3217,cliff edwards
3218,robinne lee
3219,abe vigoda
3220,hayden christiensen
3221,rodrigo santoro
3222,zena grey
3223,olivia williams
3224,dylan mcdermott
3225,james fox
3226,tom hollander
3227,tiffany dupont
3228,alice brady
3229,aiden quinn
3230,gregory hines
3231,frankie muniz
3232,barbara carrera
3233,brian cox
3234,radha mitchell
3235,ben affleck
3236,graham greene
3237,kathy najimy
3238,shirley jones
3239,brian keith
3240,hugh bonneville
3241,susanna foster
3242,walter matthau
3243,rhea perlman
3244,albert finney
3245,william h macy
3246,lisa blount
3247,bob hoskins
3248,david krumholtz
3249,charles durning
3250,john ales
3251,david paymer
3252,richard e grant
3253,david keith
3255,ving rhames
3256,josh flitter
3257,lauren c mayhew
3258,christopher lee
3259,paul ford
3260,robert carradine
3261,chris evans
3262,molly shannon
3263,jeanette nolan
3264,melissa whitmire
3265,david goelz
3266,kim basinger
3267,james spader
3268,derek jacobi
3269,colin firth
3270,jane fonda
3271,max casella
3272,ramola garai
3273,rodney turt taylor
3274,embeth davidtz
3275,christian rub
3276,carey loftin
3277,edmund gwenn
3278,chris sarandon
3279,elizabeth perkins
3280,oded fehr
3281,brian f obyrne
3282,margaret o brian
3283,john payne
3284,bill duke
3285,elizabeth taylor
3286,irene bedard
3287,scott walker ii
3288,elias koteas
3289,julie follansbhee
3290,sean marshall
3291,courtney b vance
3292,katherine helmond
3293,rob morrow
3294,john fiedler
3295,kristina wayborn
3296,jason london
3297,qorianka kilcher
3298,leanne rowe ii
3299,alice krige
3300,greta scacchi
3301,jack murdock
3302,august schellenberg
3303,tim meadows
3304,eric idle
3305,riley smith
3306,timothy busfield
3307,wes studi
3308,evelyn varden
3309,garry marshall
3310,hristo jivkov
3311,patricia clarkson
3312,danny glover
3313,yul brynner
3314,roddy mcdowall
3315,paul l smith
3316,barbara hershey
3317,louis mandylor
3318,ray park
3319,yvonne de carlo
3320,charles s dutton
3321,larry miller
3322,andrew dice clay
3323,lisa ann walter
3324,nicole dehuff
3326,jamie bell
3327,william r moses
3328,christopher noth
3329,david allen grier
3330,paul dooley
3331,jim dale
3332,gladys george
3333,wayne morse
3334,andrew prine
3335,josephine hutchinson
3336,ralph truman ii
3337,dave thomas
3338,alicia witt
3339,candice bergen
3340,gloria grahame
3341,rupert everett
3342,whoopi goldberg
3343,kirk douglas
3344,andrew shue
3345,barney clark
3346,nicholas art
3347,michael vartan
3348,john hannah
3349,ilse steppat
3350,richard jenkins
3351,tristan rogers
3352,chris owen
3353,eugene lipinski
3354,jeremy renner
3355,karen finley ii
3356,mira sorvino
3357,james gleason
3358,byron mann
3359,julianna margulies
3360,amy poehler
3361,ben wright
3362,patrick gallagher
3363,laura dern
3364,diane baker
3365,james caan
3366,stephanie powers
3367,ruth hussey
3368,laura linney
3369,bill nighy
3370,wendy gazelle
3371,chris cooper
3372,michael gambon
3373,noah emmerich
3374,denis lawson
3375,donald faison
3376,jake thomas
3377,christopher plummer
3378,david selby
3379,michael kitchen
3380,rosamund pike
3381,maureen ohara
3382,wolf kahler
3383,james faulkner
3384,michael haley
3385,andy garcia
3386,seth green
3387,clare forlani
3388,barry bostwick
3389,jennifer ehle
3390,bernie casey
3391,angie dickinson
3392,abigail breslin
3393,jeff york
3394,steven wright
3395,bob balaban
3396,samantha morton
3397,frances mcdormand
3398,teri polo
3399,claudia gerini
3400,eric roberts
3401,nigel bruce
3402,kenneth mitchell
3403,albert bassermann
3404,marcel iures
3405,brenda blethyn
3406,glenn shadix
3407,robert preston
3408,sissy spacek
3409,marcia gay harden
3410,mike colter
3411,dean stockwell
3412,alexis dziena
3413,shelley duvall
3414,geraldine james
3415,monica potter
3416,patrick wayne
3417,patrick dempsey
3418,polly holliday
3419,liam cunningham
3420,robert redford
3421,steve martin
3422,celia imrie
3423,joan obrien
3424,julie newmar
3425,gary bullock
3426,jt walsh
3427,roland young
3428,s epatha merkerson
3429,bruce altman
3430,ewen bremner
3431,scott weinger
3432,marc anthony
3433,daniel craig
3434,gail patrick
3435,hallie todd
3436,james marsden
3437,jake weber
3438,chris pine
3439,john rhysdavies
3440,mary astor
3441,brittany snow
3442,molly ringwald
3443,billy mauch
3444,artie lang
3445,john fielder
3446,david gallagher
3447,jerry nelson
3448,jerod mixon
3449,george segal
3450,mandy moore
3451,ll cool j
3452,anne hathaway
3453,bob gunton
3454,heather wahlquist
3455,wendy crewson
3456,steve coogan
3457,peter greene
3458,walter brennan
3459,steven van wormer
3460,eva marie saint
3461,jay baruchel
3462,craig collington bator
3463,laura san giacomo
3464,sean bean
3465,jeremy northam
3466,snoop dogg
3467,david dayan fisher
3468,oliver reed
3469,jules sitruk
3470,hugo weaving
3471,stellan skarsgard
3472,stanley tucci
3473,fulton mckay
3474,charles judels
3475,olympia dukakis
3476,rick moranis
3477,david spade
3478,eleanor bron
3480,richard briers
3481,mildred natwick
3482,heather locklear
3483,henry czerny
3484,rosalinda celentano
3485,james garner
3486,jack davenport
3487,rene russo
3488,jim carter
3489,harry eden
3490,max thieriot
3491,arsenio sonny trinidad
3492,john howard
3493,hector elizondo
3494,henry de sliva
3495,tony goldwyn
3496,shohreh aghdashloo
3497,hilary duff
3498,daryl hannah
3499,jamie kennedy
3500,jeffrey addiss
3501,roger r cross
3502,alicia keys
3503,mackenzie crook
3504,edmond obrien
3505,poppy montgomery
3506,geraldine page
3507,constance towers
3508,ryan gosling
3509,thora birch
3510,christopher thompson
3511,steve zahn
3512,rene medvesek
3513,koji yakusho
3514,jeff bridges
3515,victor jory
3516,oliver james
3517,edgar barrier
3518,kathryn erbe
3519,michael ironside
3520,jeremy sumpter
3521,eric bana
3522,mary elizabeth mastrantonio
3523,jay thomas
3524,fay masterson
3525,jena malone
3526,alison lohman
3527,sam shepard
3528,liesel matthews
3529,lea salonga
3530,joan cusack
3531,emma chambers
3532,dina merrill
3533,ciaran hinds
3534,carson kressley
3535,anthony simcoe
3536,ann rutherford
3537,michael rooker
3538,bill thompson
3539,ajay naidu
3540,douglas barcellos
3541,regina king
3542,loretta devine
3543,michell rodriguez
3544,shirley temple
3545,paul westerberg
3546,ernie adams
3547,jan rubes
3548,dave goelz
3549,gloria foster
3550,randall batinkoff
3551,shelley winters
3552,reginald owen
3553,wallace shawn
3554,diana scarwid
3555,tony curtis
3556,jamie lee curtis
3557,sebastian cabot
3558,judith anderson
3559,kerry washington
3560,lili taylor
3561,hank azaria
3562,adam scott
3563,sigrid thornton
3564,thomas sangster
3565,jerry o connell
3566,craig gellis
3567,vijay raaz
3568,wilford brimley
3569,hristo shopov
3570,amy bruckner
3571,diedrich bader
3572,edgar bergen
3573,alexander siddig
3574,jonathan lipnicki
3575,telly savalas
3576,emilia fox
3577,beverly washburn
3578,ron moody
3580,john c reilly
3581,scott miles
3582,tom kenny
3583,chris conrad
3584,ben miller
3585,gail strickland
3586,liam neeson
3587,rachel bilson
3589,britt ekland
3590,tim curry
3591,rosario dawson
3592,charles berling
3593,jeffrey tambor
3594,ricky gervais
3595,joe flynn
3596,gabriel damon
3597,russ tamblyn
3598,jack thompson
3599,frankie darro
3600,edna may oliver
3601,monica bellucci
3602,patty duke
3603,aaron eckhart
3604,daniel london
3605,josh hartnett
3606,pete postlethwaite
3607,rollo weeks
3608,carrieanne moss
3609,brent sexton
3610,billy crudup
3611,hilary swank
3612,steve forrest
3613,richard roxburgh
3614,gary cooper
3615,liev schreiber
3616,robert prosky
3617,yomaira reynoso
3618,robert hoffman
3619,sean hayes
3620,burt lancaster
3621,steve buscemi
3622,paul walker
3623,joely richardson
3624,jonathan freeman
3625,kevin oconnor
3626,jon lovitz
3628,jason ritter
3629,colin farrell
3630,debra messing
3631,christopher gorham
3632,saffron burrows
3633,frank sinatra
3634,hayden panettiere
3635,patrick barlow
3636,john candy
3637,leo g carroll
3638,rachel hurdwood
3639,mark brady
3640,burt reynolds
3641,john voight
3642,mary boland
3643,heather matarazzo
3644,vince vieluf
3645,ian mcdiarmid
3646,babe ruth
3647,mingna
3648,hans conried
3649,david arquette
3650,ron livingston
3651,rachael leigh cook
3652,anne bancroft
3653,tim conway
3654,agnes bruckner
3655,loni anderson
3656,kabir bedi
3657,donald crisp
3658,anton walbrook
3659,jan farrar
3660,jennifer saunders
3661,joss ackland
3662,james coburn
3663,alki david
3664,joshua jackson
3665,paul winfield
3666,gerard butler
3667,lee arenberg
3668,rex harrison
3669,ken howard
3670,laurie holden
3671,jane wyman
3672,stephen campbell moore
3673,jordan fry
3674,peter gallagher
3675,james mason
3676,ed ivory
3677,karl malden
3678,christina ricci
3679,eva gabor
3680,emmanuelle beart
3681,kirk cameron
3682,joaquin de almeida
3683,lionel stander
3684,robert pastorelli
3685,bridget moynahan
3686,louis gossett jr
3687,joan allen
3688,kay panabaker
3689,ed oneill
3690,ian gomez
3691,diane kruger
3692,hume cronyn
3693,dick van dyke
3694,lacey chabert
3695,dermot mulroney
3696,gene nelson
3697,maia morgenstern
3698,jonathan silverman
3699,anne revere
3700,dana davis
3701,eddie deezen
3702,louis jourdan
3704,jennifer lopez
3705,dan aykroyd
3706,pam ferris
3707,katie holmes
3708,jenifer lewis
3709,jonathan rhys meyers
3710,emily watson
3711,felicity huffman
3712,ted ludzik
3713,betty lou gerson
3714,twink caplan
3715,nona gaye
3716,edward herrmann
3717,julia stiles
3718,james caviezel
3719,bruce mcgill
3720,carrie fisher
3721,francesco cabras
3722,paul scofield
3723,jeffery demunn
3724,richard riehle
3725,mark mendonca
3726,mary kay place
3727,jimmy bennett
3728,dick jones
3729,harland williams
3730,morgan paull
3731,eugene pallette
3732,aleksandr baluyev
3733,joanne dru
3734,nathaniel lees
3735,johnny knoxville
3736,michael caine
3737,james stewart
3738,jason isaacs
3739,cody linley
3740,faith ford
3741,bradley whitford
3742,alfred molina
3743,austin pendleton
3744,buzz kilman
3745,joseph alfieri
3746,red buttons
3747,judith evelyn
3748,cher
3749,daylan honeycutt
3750,frank oz
3751,michael patrick carter
3752,richard grieco
3753,barton mclane
3754,barry fitzgerald
3755,brad johnson
3756,breckin meyer
3757,gerald r molen
3758,dean jones
3759,ernie hudson
3760,john heard
3761,enrique murciano
3762,steve whitmire
3763,peter scolari
3764,ken page
3765,claude rains
3766,benjamin bratt
3767,charles bronson
3768,daniel mays
3769,dave chappelle
3770,fisher stevens
3771,pat buttram
3772,angela bassett
3773,christopher mcdonald
3774,ben kingsley
3775,annette badland
3776,rosemary clooney
3777,john ashton
3778,alberta watson
3779,kevin kline
3780,youki kudoh
3781,john kassir
3782,patrick bruel
3783,cloris leachman
3784,leslie harter zemeckis
3785,reginald denny
3786,arliss howard
3787,peter coyote
3788,beverly todd
3789,andie macdowell
3790,marius goring
3791,ray winstone
3792,klaus maria brandauer
3793,jonathan pryce
3794,hermoine gingold
3795,hayden christensen
3796,burt young
3797,lois smith
3798,bill connolly
3799,leopoldine konstantin
3800,teresa wright
3801,guy kibbee
3802,bonnie bedelia
3803,richard masur
3804,peter cullen
3805,melanie griffith
3806,philip bosco
3807,zachary mills
3808,jeanne tripplehorn
3809,griffin dunne
3810,judy kuhn
3811,luke mably
3812,anne archer
3813,arnold vosloo
3814,joe pantoliano
3815,helen reddy ii
3816,emilio estevez
3817,lillian gish
3818,victor mclaglen
3819,dorothy mcguire
3820,tom skerritt
3821,adam west
3822,terry jones
3823,miranda richardson
3824,barton maclane
3825,catherine ohara
3826,inga swenson ii
3827,ward bond
3828,john malkovich
3829,jeremy irons
3830,tate donovan
3831,michelle lee
3832,david barrass
3833,brendan king
3834,peter otoole
3835,mimi rogers
3836,rhys ifans
3837,robert driscoll
3838,joan fontaine
3839,glynis johns
3840,hugh grant
3841,virginia madsen
3842,dennis quaid
3843,frank welker
3844,diane keaton
3845,kevin mckidd
3846,danny devito
3847,shaun toub
3848,whitney houston
3849,david rudman
3850,james remar
3851,jon voight
3852,marissa tomei
3853,bing crosby
3854,barbara luddy
3855,russell means
3856,jeffrey nordling
3857,judge reinhold
3858,robert helpmann
3859,debbie gates
3860,kelly macdonald
3861,dakota fanning
3862,david ogden stiers
3863,miriama smith
3864,wilson castillo
3865,richard libertini
3866,tyler posey ii
3867,keisha castlehughes
3868,gabriel byrne
3869,maud adams
3870,del synnott
3871,luke goss
3872,malcolm mcdowell
3873,maggie gyllenhaal
3874,cady huffman
3875,adam ryen
3876,william lee scott
3877,emma roberts
3878,brian rhodes
3879,bd wong
3880,catherine zetajones
3881,sammy davis jr
3882,will patton
3883,peter lawford
3884,greer garson
3885,richard egan
3886,andre the giant
3887,ludwig stossel
3888,judy geeson
3889,edward arnold
3890,hiam abbass
3891,geoffrey lewis
3892,william shatner
3893,lulcille bremer
3894,macaulay culkin
3895,mike omalley
3896,rita wilson
3897,james cromwell
3898,richard haydn
3899,rutanya alda
3900,sam waterston
3901,naomie harris
3902,rowan atkinson
3903,jk simmons
3904,james cummings iii
3905,brian haley
3906,luke edwards
3907,carsten norgaard
3908,charles bartlett ii
3909,stanley holloway
3910,gary shandling
3911,spencer breslin
3912,mara hobel
3913,donnie wahlberg
3914,mae whitman
3915,austin obrien
3916,charlize theron
3917,chris messina
3918,chuck connors
3919,mark hamill
3920,julio oscar mechoso
3921,donna murphy
3922,errol flynn
3923,sam rockwell
3924,clint howard
3925,sallly field
3926,doris day
3927,glenne headly
3928,dianne wiest
3929,bradley coryell
3930,cary elwes
3931,bernard miles
3932,laurence olivier
3933,brian dennehy
3934,peter falk
3935,colin quinn
3936,cate bauer
3937,shefali shetty
3938,john bourgeois
3939,carla gugino
3940,lynn redgrave
3941,lulu
3942,paul freeman
3943,colm feore
3944,anna chlumsky
3945,tom burlinson
3946,josh peck
3947,ray liotta
3948,fess parker
3949,suzy kendall
3950,albert brooks
3951,bill paxton
3952,lonide massine
3953,coleen gray
3954,peter reigert
3955,jason bateman
3956,pauline collins
3957,debra winger
3958,ralph bellamy
3959,raymond burr
3960,laurence harvey
3961,jon cryer
3962,carole lombard
3963,pat morita
3964,gina mckee
3965,benedict cumberbatch
3966,harry secombe
3967,harry carey
3968,william powell
3969,robert sean leonard
3970,gordon macrae
3971,rufus sewell
3972,anthony anderson
3973,blythe danner
3974,dean martin
3975,kath soucie
3976,howard keel
3977,eli wallach
3978,lauren graham
3979,tina fey
3980,adam storke
3981,jada pinkett smith
3982,james j kroupa
3983,martin lawrence
3984,imelda staunton
3985,rob schneider
3986,richmond arquette
3987,tillotama shome
3988,grace kelly
3989,michael strong
3990,diane lane
3991,andre stojka
3992,allyssa pollack
3993,kathryn beaumont
3994,walter huston
3995,david tomlinson
3996,kristin scott thomas
3997,mara wilson
3999,thandie newton
4000,julie andrews
4001,j pat omalley
4002,yorick van wageningen
4003,ben chaplin
4004,billy dee williams
4005,joanna merlin
4006,valeria golino
4007,connie nielsen
4008,angela lansbury
4009,bruce edward hall
4010,tess harper
4011,kathryn morris
4012,rachel mcadams
4013,jeff goldblum
4014,michelle yeoh
4015,margaret whitton
4016,michael clarke duncan
4017,kal david
4018,george sanders
4019,ken watanabe
4020,shani wallis
4021,norman chancer
4022,gaby hoffman
4023,soontek oh
4024,amy yasbeck
4025,paul reubens
4026,wendell corey
4027,ellen barkin
4028,robert stanton
4029,peter donat
4030,david moscow
4031,f murray abraham
4032,michael schoeffling
4033,james gandolfini
4034,michael c hall
4035,nancy olson
4036,jane leeves
4037,christine ebersole
4038,irma p hall
4039,tim mcinnerny
4040,douglass dumbrille
4041,kimberly elise
4042,jack johnson
4043,conchata ferrell
4044,diana rigg
4045,malick bowens
4046,patrickbergin
4047,joan allen fantastic
4048,blaxploitation
4049,alive and kicking
4050,twisted
4051,terrible bond
4052,convoluted
4053,gory fun
4054,see paris die
4056,genre spoof
4057,extremely funny
4059,classic vince vaughn
4062,dissapointing
4063,health care
4064,casey afflec
4065,puppetry
4066,2 movies in 1
4067,simple
4069,cohen
4070,chilling
4071,somewhat overrated
4072,bad movie
4073,open ended endings
4074,tough to watch
4075,maori
4076,rise to power
4077,vin diesel
4078,korean horror
4079,domestic melodrama
4080,gfei own it
4081,want it
4082,afi 100 (laughs)
4083,afi 100
4084,john hughes
4085,mit anna
4086,visually interesting
4087,houston
4088,ahnuld
4090,favela
4091,kids special
4092,mountain climbing
4093,good musicals
4094,mysrysare
4095,musikal
4096,tjejfilm
4097,kiddy
4098,passionate
4099,kostym
4100,puttrig
4101,deckare
4102,transgendered
4104,pete
4105,erin
4106,jen
4107,jennie
4108,stephanie
4109,parzen
4110,lisa
4111,mom
4112,ari
4113,rochkind
4114,abe
4115,brian
4116,eric
4117,dad
4118,alan
4119,jenny
4120,brookenthal
4121,alone
4122,scottlemieux
4123,horst
4124,prudie
4125,knoll
4126,djwrecommended seewithoutkate
4127,tom
4128,pat
4129,judy
4130,gmack
4131,charles
4132,kobernick
4133,moira
4134,gigi
4135,katie
4136,darrin
4137,phil
4138,zim
4139,kate
4140,seth
4141,tracy
4142,see again
4143,to rent
4144,que espere o ceu
4145,pecados intimos
4146,desejos proibidos
4147,1940s feel
4148,unique look
4149,cameron crowe
4150,james whale
4151,boris karloff
4153,influences
4155,wachowski bros
4156,avante garde
4157,art house
4158,moronic
4159,tiresome
4160,southern
4161,symbolism
4162,idioms
4163,feminist
4164,takashi miike
4165,trilogy of the imagination
4166,hoolywood rubbish
4167,funny moments
4168,mundane
4169,watchable
4170,bizarre
4171,nah
4172,book better
4173,looks over content
4174,poor dialogue
4175,unbelievable
4177,sassy
4178,vote for pedro
4179,ruined by director commentary
4180,hes never on time
4181,sweet bikes
4182,memorable
4183,memory loss
4184,beatles soundtrack
4186,kmart
4187,naked chaucer
4188,thats my stapler
4189,better than i expected
4190,husband loves it
4191,damn the man
4192,tacos
4193,ogre
4194,cant stand it
4195,ralph
4197,i speak jive
4198,childhood flashback
4200,good recipes
4201,fowl play
4203,like for sure
4205,bunnies
4206,greed
4208,inventive
4209,excessive
4210,plot holes
4211,modernism
4212,dysfunctional family
4216,rude
4217,tiring
4219,character development
4221,sam peckinpah
4222,teen grossout comedy
4223,welldone
4224,acting
4226,bunuel
4227,jean gabin
4228,stroheim
4229,minds
4230,first britain talkie
4231,nicolas roeg
4232,egotism
4233,suspensful
4234,love&war
4235,passion
4236,oscar nomination
4238,keaton
4239,performance piece
4240,unfortunate lack of theme
4241,dostoyevsky
4242,dali
4244,experimental
4245,cameos
4246,melodramatic
4247,female power
4248,brotherhood
4249,power of music
4250,nature
4251,adultery
4252,kelly lebrock
4253,isaac asimov
4254,compelling
4256,chinese culture
4257,lighthearted
4258,ethan hawke (cameo)
4259,adapted from:tv series
4261,intertwined
4262,buddies
4263,songwriting
4264,sparse
4265,subtext
4266,wired 50 greatest soundtracks
4267,oldtimey
4268,overwrought
4269,deafness
4270,colorful
4271,notable soundtrack
4273,rockumentary
4274,quotable
4275,lyrics
4276,crafted
4278,hopeful
4279,sexual
4280,notable cast
4281,healing
4282,irreverent
4283,slapstick
4284,beautiful music
4285,sony pictures classics
4287,poker
4288,love of music
4290,rory cochrane
4291,deceit
4292,wilderness
4293,bears
4294,pregnancy
4295,hard to follow
4297,child abuse
4298,affective disorder
4299,pkd
4300,mary stuart masterson
4302,julie delpy
4303,ambulance
4304,action martialarts revenge
4305,spaghetti western
4306,gods
4309,catholicism
4310,pickmom
4311,pickdad
4312,jill the babysitter
4313,stupid movies in trilogies
4315,hillarious
4318,classic remake
4319,misrepresentation
4321,worthwhile
4322,paltrow
4323,music video
4324,national lampoon
4325,douglas
4326,suspenseful
4327,carrey
4328,worth watching
4329,family conflict
4330,puns
4331,caine
4332,robin w
4333,decovny
4334,indy
4336,walken
4338,cute boys
4339,warm
4340,ego
4341,fight
4342,heroic mission
4343,revolution
4344,nothing special
4345,urban
4346,creative plot
4347,complex story
4348,teenager
4349,apocolypse
4350,really romantic
4351,architecture
4352,vienna
4353,school drama
4354,strong women
4355,1980s cult
4356,twentysomething life
4358,canada
4359,not funny
4361,stinking heap of shit
4362,wellacted and thoughtprovoking
4363,americans abroad
4364,chickflick
4365,sentimental
4366,coincidences
4367,revoltingly bad
4368,great concept
4370,idealism
4371,great cast
4373,keanu reaves
4374,kate winslets tits
4375,food for thought
4376,without martha
4377,mnm
4378,dumbest movie ever
4380,heman connection
4381,not available from netflix
4382,star wars connection
4383,workout movie
4385,didnt finish
4386,emmerich
4387,friday night movie
4388,video game connection
4389,halloween movie
4390,star trek connection
4391,k movie
4395,vulgar
4396,dreadful
4398,but better
4400,just a teen movie
4401,great
4403,pure cheat
4404,tipical fun movie
4406,lawyer
4407,without any especial new
4408,sword fight
4410,author:frank miller
4412,setting:hotel
4413,author:stephen king
4414,basketball documentary
4415,philosophers
4417,up series
4418,got
4420,below r
4421,wasted potential
4422,plotless wonder
4423,awfuljust awful
4424,le carres best film
4425,jackie chan comedy
4426,classic marx
4427,paycheck
4428,bakshi
4430,killing with kindness
4431,blind swordsman
4432,david cronenberg
4433,vincent gallo
4434,fake documentary
4435,peter greenaway
4436,brando
4437,melodrama at sea
4438,heroes
4439,well cast
4440,piece of shit
4441,hippie bullshit
4444,malcom x
4445,1930s
4446,need to own
4447,zack braff
4448,larry wachkowski
4450,clive owen
4452,not bad
4454,love the bush cameos
4455,sucks
4457,dated
4460,less than i expected
4461,hee
4462,blah
4463,nice and kind
4464,wistful
4465,xerxes
4466,living dead
4467,atmospheric music
4468,overly happy ending
4469,aboregines
4470,motivation
4471,teen relationships
4472,war ugliness
4475,french movie
4476,cool effects
4477,too slow
4478,bureaucracy
4479,jerusalem
4481,complex
4482,made plane flight longer
4483,movie lens misrecommendation (15)
4484,masons
4485,world war i
4486,macho culture
4488,hollywood artistic license
4489,child actor
4490,landscapes
4491,melancholy
4493,greece
4494,liberal messages
4495,better then original
4496,affectionate
4497,chicago
4498,realities of life
4499,rrated
4500,bengal
4501,colonial power
4502,pretty funny
4503,saladin
4504,singing slugs
4505,animated opera
4506,tired of tom
4507,ratedr
4508,military court
4510,abandonment
4511,adult themes
4512,good casting
4513,muslim warriors
4514,love letters
4515,german perspective
4516,crude humor
4517,mosfilm
4518,meditative music
4520,major dissapointment
4521,lavish
4522,masonic messages
4523,war movie
4524,blood gore
4525,should be pg17
4527,unusual story
4528,on hold
4530,siblings
4531,the remake is better
4532,dumb and dumber
4533,chinese landscapes
4534,gloomy
4535,ester
4536,apu trilogy
4537,wall
4538,shallow plot
4539,old england
4540,unfaithfulness
4541,mediocre sequel
4542,true meaning of love
4543,hurried ending
4544,mentally disturbed rejoining society
4545,weak directing
4546,parrots
4547,john f kennedy
4548,liberal perspective
4549,space exploration
4550,wrong morals
4551,modern china
4552,flat humor
4554,sepia
4555,gentle story
4556,persecution
4557,not in library
4558,meditation about war
4559,indians
4560,south africa
4562,rural school
4563,docudrama
4564,pows
4565,dolby digital ex
4566,norway
4568,david bowie
4569,neglected childen
4570,eerie
4571,best war films
4572,one sided
4574,orlando bloom
4576,musical parodies
4577,gentle
4578,russian
4579,scarlet johannson
4580,anticlimactic ending
4581,r language
4582,visually interestingthats about it
4583,unwestern culture
4586,good but too bloody
4587,midlife crises
4588,unamerican activities committee
4590,army
4591,tradition
4592,witches
4593,clay animation
4594,australia
4595,crusaders
4596,fox
4597,boers
4598,sex scene
4599,partial nudity (male)
4600,nice period piece
4602,coolness
4603,smoking
4604,bats
4605,homer
4606,great special efects
4607,unsatisfying
4608,nicely animated
4609,funny eddie murphy
4610,media politics
4612,politicians
4613,corporate america
4614,mike judge
4616,lucas
4617,pirate
4618,fatherson relationship
4619,globalisation
4620,ray bradbury
4621,western comedy
4622,komediodramat
4623,family comedy
4624,goddard
4625,cole hauser
4626,oscar (best director)
4627,ocean/beach
4628,tilda swinton
4629,tennis
4630,bahamas
4631,johnny messner
4632,paul sorvino
4633,antoine fuqua
4634,real sharks
4635,jessica alba
4636,joe pesci
4637,aaron yoo
4638,scuba diving
4639,beau bridges
4640,shia lebeouf
4641,naomi watts
4644,dj caruso
4645,some good moments
4646,oscar (best editing)
4648,sydney pollack
4649,tom wilkinson
4650,joe charbanic
4651,eamonn walker
4653,cayman islands
4654,david morse
4655,heart problems
4656,indian motorcycle
4657,lolita
4658,andy kaufman
4660,boston
4661,phlip roth
4662,eva green
4665,not luc besson
4666,updated classics
4668,peter sellers
4669,superheros
4670,altman
4671,not coen brothers
4672,vegas
4674,janus 50
4675,good will hunting
4676,gus van sant
4677,steven seagal
4678,great storytelling
4679,nobel prize
4680,dutch
4682,first cgi film
4683,classic carrey
4684,amazing cgi
4685,waste of celluloid
4686,fun but overrated
4688,glorifying adultery
4690,oscar winner
4691,horrer
4692,cynical
4694,thai boxing
4695,empowering
4696,absolute crap
4697,wholesome
4698,thoughtprovoking
4699,nerdy
4700,great anime film
4701,central intelligence agency
4702,1970s
4706,great musical
4707,forceful
4708,jj abrams
4709,kurt wimmer
4711,original
4716,chris farley
4718,crossdressing
4719,don cheadle
4721,mule
4722,jet lee
4724,nascar
4725,ashton kutcher
4726,bobombs
4728,religious
4729,giant monster eat city
4730,bauhaus
4731,poignant
4734,soundtrack
4735,country music
4736,weak ending
4738,3 tissues
4739,animal
4740,steampunk
4741,propaganda
4742,educational
4744,iranian
4745,mike super recs
4746,hallucinatory
4747,madcap
4748,will farell
4749,guy movie
4752,i hate matthew mcconaughey
4754,appalling
4755,sacrilege
4756,way over the top
4757,overture
4758,sexual harrassment
4760,mental hospital
4761,faith
4763,old war movie
4764,great prison movies
4765,pacifist
4766,bought the dvd
4768,von trier
4769,meta
4770,neo nazi
4772,delights
4774,not a great movie
4775,but a classic
4776,but its fun
4779,quite romantic
4780,cyberpunk
4781,new year 1999
4782,alcohol consume
4786,pooh
4787,perfect timing
4790,cow tipping
4791,antichrist
4792,chaim potok
4793,ocean
4794,cheese
4795,bear necessities
4796,rite of passage
4798,kilts
4799,greek myth
4800,full frontal nudity
4801,coordinated action sequences
4802,stupidity
4803,oedipal complex
4804,marilyn monroe
4805,radio
4806,british history
4807,esp
4808,psychodellic
4809,dan akroyd
4810,tall tales
4811,renee zelweger
4813,sailing
4814,form
4815,newspaper theme
4816,not found
4817,new
4818,oppl
4819,kafka meets oedipus rex
4820,r crumb
4821,terrible music
4822,parody of art world
4823,marquis de sade
4825,passiveagressive
4826,milan kundera
4827,hard to rate
4828,cyborg
4831,how would life be
4832,honest
4833,matt overrated damon
4834,ahem
4836,simply: why
4837,not exactly pc
4838,forgetting
4839,ha ha ha
4840,italo western
4841,boring 80s movie
4843,not exactly a blockbuster
4846,mexican stand off
4847,maclachlan
4848,alcohol
4849,sandra boring bullock
4850,slang
4852,squandered opportunity
4854,stageplay
4855,demme
4856,jeunet
4857,christopher guest
4858,speilberg
4859,jerry lewis
4860,mexican
4861,adam sandler
4862,german
4863,swedish
4864,gefaengnisfilm
4865,unrealistic crap
4866,no happy end
4867,well written and structured
4868,a slight film
4869,a thoroughly implausible contrivance
4871,beautifully written and acted
4873,the ending spoils this
4874,psychological thriller
4876,exotic thriller
4878,adventureous
4879,mobb action
4880,action adventure
4881,lisbeen
4882,florida romance
4883,amelieesque
4884,vibrant
4885,three pillows
4886,modern
4887,new favorite movie
4888,truly dazzling
4889,interacial romance
4890,art study
4891,nonobvious
4892,bullshit rape scene
4893,potsmoking children
4894,chopra
4895,annoying
4896,snarky
4897,fun movie
4898,intriguing
4899,potential oscar nom
4900,oscar nom 2007
4902,prescient
4903,unbearable
4904,fucking awesome
4905,japanese madness
4906,mmm brains
4907,great performances
4908,redefining the 80s
4909,boys behaving badly
4911,game movie
4913,fairly bad
4915,wornout
4918,hot women
4919,brain candy
4921,speculative fiction
4924,light
4925,best movies ever
4927,instills poor moral values
4928,ed norton
4929,expected more
4930,tina majorino
4932,more than expected
4933,seen with my parents
4936,jennifer connelly
4937,better then original medium
4938,actually funny
4939,innovative
4940,original goodsequel sucked
4941,the book was better
4942,sexist
4943,rob lowe
4946,childhood classics
4948,worst movies ever
4949,rewatchable
4950,childhood classic
4952,thooughtprovoking
4953,watched under duress
4954,original medium was better
4955,flick
4956,not actually scary
4958,terrifying
4959,drags
4961,cultural classic
4962,gltbq
4964,seen under duress
4965,renee zwelleger
4967,instills good moral values
4968,diana wynne jones
4970,boxing drama
4971,christopher lambert
4973,chris columbus
4974,john leguizamo
4975,ellen page
4976,giuseppe tornatore
4977,michael cera
4978,clark gable
4979,graham chapman
4980,michael j fox
4983,tony gilroy
4984,mark ruffalo
4985,david lean
4986,hugh laurie
4987,victor fleming
4988,joe wright
4989,noir thriller
4990,jason reitman
4992,rob minkoff
4993,poorly acted
4994,hong kong
4996,passable
4998,savage
5000,awkward
5001,offbeat
5002,sucked horribley
5003,kick ass
5004,shy boy
5005,virtual
5006,universitate
5007,talent
5008,witness
5009,fat women
5010,boring life
5011,far away
5012,apocalypse
5013,ice
5015,matemathic
5016,problems
5017,rich
5018,gey
5019,catastrophe
5020,special mind
5021,library
5022,teenagers
5023,russel crowe
5024,ballet
5025,watched 2007
5027,watched 2005
5028,watched 2004
5029,watched 2002
5030,watched 2008
5031,not bad sequel
5032,top 10 ever
5033,watched 2000
5035,seen at the cinema
5036,watched 1999
5038,watched 1998
5039,watched 1997
5040,watched 1995
5041,watched (1997)
5042,watched 1994
5043,scams
5044,beckinsale
5045,monkey
5046,oregon
5047,mod
5048,communist witch hunt
5049,north africa
5051,pornographic
5052,portland
5053,rate
5054,watchagain
5055,watch
5056,watchfully
5058,speech
5059,enigmatic
5060,spike lee
5062,lesbian sex scene
5063,a little soft
5064,overblown
5065,cooking
5066,fraudulent conspiracy coverup
5067,stupid premise
5068,josh brolin
5070,near death
5071,mark wahlberg
5072,no need to see
5074,great music
5075,nature wildlife
5076,self discovery
5080,stewart granger
5081,too much 80s music
5082,formula 1 racing
5083,bruce dern
5084,strother martin
5086,robert duval
5087,julian sands
5088,frank langella
5089,forrest tucker
5090,edward g robinson
5091,charleton heston
5092,george kennedy
5094,vikings
5095,nick nolte
5096,mst3k
5097,unintentional comedy
5098,oscar nominee
5104,confusing plot
5105,i dont get it
5107,deniro
5108,sfx
5109,stopmotion
5112,stupid fun
5113,not interested
5114,allyson hannigan
5115,no interest
5116,zzz
5118,cannot wait
5119,curse
5120,tryrty
5121,what is this
5123,tos
5124,angela
5125,computer
5126,woman
5129,comedy musical
5130,wow
5131,gay and straight
5134,fast paced
5135,ahead of its time
5137,socially relevant
5138,street race
5140,lesbien
5141,culte sf
5142,multiethnic
5143,comedy of manners
5144,strangely compelling
5145,great adaptations
5146,walter matheau
5147,theft
5149,drifting
5150,flight
5151,ian mckellen
5153,bullshit history
5154,nc17
5155,star wars
5156,kung fu
5157,ryan
5158,hanks
5159,formulaic
5161,secret societies
5162,date movie
5163,great villain
5164,nba
5166,gilbert & sullivan
5167,bondage
5169,confidence game
5170,long takes
5171,good book bad movie
5173,9/11
5174,early cgi
5175,caper movie
5176,setting:london
5177,david and goliath
5178,french revolution
5179,sex comedy
5180,cameo: john waters
5182,conversation
5183,play adaptation
5185,buddy movie
5186,buddie movie
5187,virginity
5188,oscar wilde
5189,high school life
5190,civil rights
5191,operetta
5192,louis xiv
5193,setting:paris
5194,ealing
5195,detective
5197,mad scientist
5198,cave
5199,stupid dance movie
5200,elvis
5201,cannibals
5202,splatter
5203,bad cgi
5204,stupid but funny
5206,based on a cartoon
5207,really crappy sequel
5208,unsimulated sex scenes
5209,alien invasion
5210,kinda boring
5211,hockey
5212,bmovie
5213,outer space
5214,nuclear war
5215,mummy
5216,culture
5218,womens rights
5223,kickbutt women
5224,not worth it
5225,fast food
5226,maze
5227,hitmen
5228,mobbing
5229,miracles
5230,compassionate
5231,necrophilia
5232,lawn mower
5233,pudding
5234,afterlife
5235,motherson relationship
5236,hostage
5237,rampage
5238,gay cowboys eating pudding
5239,possibly scarring
5241,gory
5242,vivid
5243,dunne 
5244,hepburn and tracy
5247,woody allen classic
5248,katharine hepburn
5251,slackers
5252,louis malle
5255,in cold blood
5256,norma
5257,austen
5258,comedy for kids
5259,cartoons
5260,actionpacked
5261,fairytale
5262,exciting
5263,mediocre
5264,want to own
5267,videodrome did it better
5268,cronenberg
5269,adult diaper commercial
5270,unwatchable sadism
5271,endless talking
5272,best disney movie
5273,sad but good
5274,psudoscience
5275,new age
5276,insects
5278,american civil war
5279,roadtrip
5280,cheetah
5281,based on book
5282,biblical fantasy
5284,ira
5285,wuxia
5287,jewish holocaust
5289,almost favorite
5290,tissit
5291,christian slater
5292,dark fairytale
5294,prolife
5295,classic romantic comedy
5296,classic love story
5297,will fe
5298,willem dafoe ftw
5299,awful awards
5300,free running
5301,literature
5303,archeology
5305,walt disney
5307,mini cooper
5308,brendan fa
5313,african atrocities
5316,repeat watch
5317,few nice laughs
5318,premonition
5319,lovely
5320,prince charming
5321,high squirm factor
5323,existential
5324,man vs nature
5325,eccentricity
5326,retirement
5328,john ford
5329,neardeath experience
5330,morality tale
5332,tommy lee jones
5333,youth
5334,the amazon
5336,family film
5337,the mob
5338,immigrant experience
5339,fundamentalism catch22
5340,rebels
5341,smart writing
5342,insurmountable odds
5344,real life
5345,director as poseur
5346,extraneous
5347,expensive b movie
5348,education
5349,updated noir
5350,nonhollywood ending
5351,antivigilante
5352,juliet binoche
5353,immigration
5354,cultural clash
5355,sean penn boston drama
5356,sexual identity
5357,community
5358,seventies
5359,ensemble
5360,comingofage
5361,native people
5362,pornographys influence
5363,brainless splatter
5364,over expositive
5365,dumbest twist ever
5366,inconsistent with itself
5368,intentionally funny
5369,corny to the max
5371,just terrible
5372,corny
5373,bond james bond
5374,shower curtain rings
5375,between two pillows
5376,people train
5377,thanksgiving
5378,excellent great cast
5379,movie
5380,excellent old movie
5381,and sad
5384,good old movie
5385,great old movie
5387,wendy o williams
5388,girls in prison
5389,tornados
5390,sybil danning
5391,tarantino is god
5393,trey parker
5395,50 cent
5400,megan burns
5401,keira knightly
5402,christopher mintzplasse
5403,david wenham
5404,elliott gould
5405,rene kirby
5406,billy boyd
5407,seth rogen
5408,carl reiner
5409,ian holm
5410,sean astin
5411,famke janssen
5412,noah huntley
5413,mel brooks movie
5414,amy adams
5415,don ameche
5416,arsenio hall
5417,peter cushing
5418,lisa eilbacher
5419,michael byrne
5420,kyle gass
5421,casey affleck
5422,bronson pinchot
5423,peter boyle
5424,nick frost
5425,jonathan ke quan
5426,romany malco
5427,river phoenix
5428,teri garr
5429,leslie bibb
5430,marty feldman
5431,alison doody
5432,scott caan
5433,leslie mann
5434,amrish puri
5435,parker posey
5436,kate ashfield
5437,andy serkis
5438,miranda otto
5439,simon pegg
5440,danny boyle movie
5441,gary cole
5442,robbie coltrane
5443,jim broadbent
5444,martin starr
5445,stuart mcquarrie
5446,wachowski brothers movie
5447,ricci harnett
5448,harvey korman
5449,bernie mac
5450,joe viterelli
5451,karl urban
5452,david huddleston
5453,kate capshaw
5454,bill bailey
5455,lucy davis
5456,cleavon little
5457,charlyne yi
5458,cillian murphy
5459,paul rudd
5460,john lithgow
5461,roshan seth
5462,conrad vernon
5463,martha macisaac
5464,elizabeth banks
5465,todd louiso
5466,madeline kahn
5468,timothy dalton
5469,dominic monaghan
5470,paddy considine
5471,brad dourif
5473,bill hader
5474,catherine keener
5475,brendan gleeson
5476,christopher eccleston
5477,slim pickens
5478,iben hjejle
5479,julian glover
5480,judd apatow movie
5481,john amos
5482,jonah hill
5483,katherine heigl
5484,michael palin
5485,bernard hill
5486,paul goddard
5487,gene wilder
5488,emma stone
5489,jason segel
5490,satyajit ray
5492,william s burroughs
5494,antonioni
5495,japanese tourists
5496,fellini
5497,period piece
5498,spin
5501,seen in theater
5502,immigrant
5503,topiary
5504,standard romantic comedy
5505,dystopian
5506,scrabble
5507,complicated plot
5508,victorian
5509,based on tv series
5510,a s byatt
5511,mole rats
5512,food
5513,is life meaningful
5514,dislike tom hanks
5515,nonbloody thriller
5516,uk music
5517,wachowski scifi
5518,excelent
5520,like the first
5521,on server
5522,too funny
5523,freaked me out
5524,loved it
5525,harmony and honesty
5526,great productiondesign
5528,fight club wannabe failure
5529,100% predictable
5531,bulls dont have teats
5532,clockwork orange cinematography
5533,absolute favorite
5534,biographical
5535,west
5536,venice
5538,kitano
5540,new orleans
5541,russian mafia
5542,posttraumatic stress disorder
5543,hugh jackman
5544,obvious
5545,toby maquire
5546,good idea
5547,low humour
5548,real story
5549,idi amin
5551,eminem
5552,jessica simpson
5553,kings crossing
5555,paradox
5556,earnest
5557,alter ego
5558,family fun
5559,betrayal
5560,thermopylae
5562,bizzare
5563,uganda
5565,tearjerking
5568,dancing on the bar
5570,animals die :(
5571,gay love
5572,children cartoon
5574,mature theme
5575,fornication
5576,demonic themes
5577,sexual references
5578,disturbing images
5579,wonderful light touch
5580,beh
5581,i can do without
5582,i want number 5
5583,sophia coppola
5584,welli liked it
5585,superb and moving
5586,an ok movie
5588,great film
5589,too short
5590,christ
5591,eh
5593,watch fully awake
5595,classic bond
5596,couldnt finish
5597,incredibly watchable
5598,teary eyed
5599,suprisingly enervating
5601,nice effects
5602,ecclecticly watchable
5603,behlong tedious
5608,not dubbed
5609,long time no see
5610,but a fun comedy
5611,visually stunning
5612,good overall film
5614,based on a play
5615,best comedy of 90
5616,relax
5617,hulu
5618,fios on demand
5619,kawaii
5621,tourette
5622,limbo
5623,renee zellweger
5624,german movie
5625,aikido
5626,weed
5627,madrid
5629,bob dylan
5630,college kids
5631,wuerzburg
5632,pizza
5633,hiv
5634,elizabeth shue
5635,glen close
5636,not that good
5637,just almodovar
5638,regular
5639,it aint funny
5640,pure fight
5641,just allen
5642,the best one
5643,its just normal
5644,just normal
5645,classic war movie
5647,emerson must see
5648,absolutely hilarious dark comedy
5649,good scifi flick
5650,electroshock therapy
5651,mcdonalds
5652,bullet ballet
5653,us glorification
5654,hypnosis
5655,zibri studio
5656,straight razor shaving
5657,failing business
5658,go
5659,amateur film making
5660,bicycling
5661,plucky crew
5662,patient
5664,wheelchair
5665,gimmicky
5666,1920s
5668,macho
5669,religious zealotry
5670,adoption
5671,chosen one
5672,debt
5673,censorship
5674,film within a film
5675,clique
5676,mutual assured destruction
5677,crumbling lives
5678,blindness
5679,quick cuts
5680,dogma
5681,reluctant hero
5682,coverup
5683,inquisition
5684,illusionism
5685,human versus computer
5686,filming
5689,mythology
5690,videotape
5691,distorted reality
5692,minimalist
5693,small time criminals
5694,police brutality
5695,totalitarianism
5696,factory
5698,typography
5699,bayou
5700,cover up
5701,big brother
5702,mental disability
5703,creativity
5704,asylum
5705,last man on earth
5706,us culture
5707,impersonation
5708,amnesia
5709,bad parents
5710,xenophobia
5711,17th century
5712,rotoscoping
5713,false identity
5714,innocence lost
5715,audience participation
5716,traumatic childhood
5717,16th century
5718,partially black and white
5719,health
5721,perfume
5722,straight razor
5723,mass death
5724,1900s
5726,extortion
5727,child lead
5728,convenience store
5729,bombs
5730,1940s
5731,hell
5732,creationism
5733,1950s
5734,kafkaesque
5735,city under attack
5736,design
5737,teenage pregnancy
5739,21st century
5740,onesided
5742,biology
5743,inner strength
5744,debt collection
5745,overprotective parents
5746,explicit sex
5747,stepfather
5748,police investigation
5749,sudden wealth
5750,animal testing
5751,war crimes
5752,claustrophobic
5753,grudge
5754,disease
5755,wormhole
5756,southern us
5757,biological warfare
5758,pidgeons
5759,rabbits
5760,boot camp
5761,totalitarian state
5762,unlikely hero
5763,treachery
5764,abortion
5765,religious bigotism
5767,boys with toys
5768,useless weapons
5769,darwinism
5770,double agents
5771,kitchen
5772,copyright
5774,paranoia
5775,transvestism
5776,video store
5777,1890s
5778,noncommittal
5779,over the top
5780,small town
5781,zero gravity
5782,rivalry
5783,russia
5784,interrogation
5785,american dream
5786,interviews
5788,rebel
5789,morality
5790,japanese style animation
5791,shallow
5792,memories
5793,birthday
5794,injustice
5795,slapstick violence
5796,giant monster
5797,mistaken identity
5798,betting
5799,stockholm syndrome
5800,popularity
5801,post wwii
5802,maya
5803,manipulation
5804,beethoven
5805,south america
5806,death by dildo
5807,shocking
5808,rescue
5809,angry
5810,vendetta
5812,sacrifice
5813,stock market
5814,egomaniacs
5815,hallucination
5816,lobotomy
5817,white collar crime
5818,escape
5819,code monkey
5821,heinlein
5823,anarchism
5824,diamonds
5825,gang mentality
5826,reality tv
5827,underdog
5829,nanny
5830,simulated reality
5831,sinners crossroad
5832,cabin fever
5833,antiwar
5834,deadpan
5836,obesity
5837,gunfight
5838,desperation
5839,restaurant
5840,isolation
5841,based on a game
5842,ecology
5843,gadgets
5844,evil empire
5845,bigotism
5846,female lead
5847,rapping mafia
5848,mistery
5850,aru cu
5853,louisa may alcott
5854,no rec
5855,what is happiness
5857,going postal
5860,amazing and overlooked
5861,fatherdaughter relationship
5862,trauma
5863,inner growth
5864,beautifully filmed
5865,lyrical
5866,calling for attention
5867,honesty
5868,shopping
5869,selflessness
5872,wheat
5873,ray davies
5874,sade
5875,engineering
5876,environmental
5877,cal tech
5878,mini coopers
5879,gershwin
5880,russian composers
5881,excellent soundtrack
5882,mods
5883,smart comedy
5884,napolean
5885,spiritual quest
5886,inarritu
5887,rachel mcadams is hot
5888,black man
5890,meaty
5892,badly dubbed
5893,mob
5895,cheesy (good)
5898,boring start
5899,but still worth watching
5900,fantastic end
5902,a little boring
5903,boooooooooooring
5908,fake
5914,sexy guys
5917,want to see
5918,drunk monkeys
5919,way overrated
5920,eye candy
5921,a bit confusing
5922,just beautiful
5923,way way too sad
5924,waynes best
5925,too sad
5926,haunting
5927,idealistically romantic
5928,the dude abides
5929,a chick flick
5930,very scary imagery
5932,a little overrated
5933,gibson was hot
5934,moving
5935,superb acting
5936,duvall is superb
5937,my alltime favorite
5938,heartbreaking
5940,ripped off annie hall
5941,quirky romantic
5942,susrprisingly moving
5945,sob worthy
5946,riveting
5948,so sad
5950,anniston is very good
5952,owes everything to kilmer
5954,holds up well
5955,beautifully done
5956,excellent for its time
5958,a bit overwhelming
5959,theyre always spot on
5962,chers good
5963,every woman should see
5964,fun to watch
5965,dumb but funny
5967,ramen
5968,hacking
5969,phreaking
5970,sweet boobs
5971,comedy independent mustsee
5972,pedro almodovar
5973,gota kanal
5974,jean claude van damme
5975,mia sara
5976,american
5977,just bad
5978,cheap but fun
5979,conspiratory
5980,cheezy
5983,dramedy
5984,tolerable chick flick
5985,gang brawls
5986,unrealistic kids movie
5987,intolerable chick flick
5989,like
5991,never
5992,composer
5993,yugoslavia
5994,gratuitous violence
5995,hilarity
5997,robert penn warren
5998,ashley judd
5999,thrillless
6000,too much cgi
6001,sadistic
6002,unthrilling
6003,bad pacing
6004,bullplop
6005,explicit sex scene
6006,misogynist
6007,overrrated
6008,unerotic
6009,mixed up
6010,matrix ripoff
6011,continuity problems
6012,new yorker
6013,charmingly amateurish
6015,plastic surgery
6016,best muppet sequel
6017,mixedmessage
6018,baffling
6019,hollywood corn
6020,weak twist
6021,overly sentimental
6022,nude brooke shields
6023,short shelf life
6024,top 10 horror movies
6025,snl alums
6027,animal/human connection
6028,cryptozoology
6029,tedious
6030,good fx
6031,true to life
6032,steven king
6033,gorillas
6034,planes
6036,jon stewart
6037,transgender
6038,lesbian character
6039,great finish
6040,overhyped
6043,finland
6046,androgyne
6047,allen ginsberg
6048,saptastic
6049,notplotholesasmuchasgapingwounds
6050,character problems
6055,best movie of year
6056,polish movie
6057,a nicy romantic comedy
6062,for children
6064,good in the 80s
6066,maybe children like it
6069,a bit stupid
6070,inteligent and original
6073,its alright
6075,excellent just excellent
6079,weird good film
6080,showing off cg limitations
6083,excellent action movie
6084,very dumb
6085,one of the best
6088,one of my favorites
6089,estonian
6090,guadalcanal
6091,vigilantism
6092,hello
6093,tragic drama
6094,violently stupid
6095,lousy script
6097,sexually leaky
6098,tragically stupid
6099,silly fun
6100,junk
6102,americana
6103,prophetic
6104,hollywood style
6105,metaphysical
6106,trying to hard
6107,lolitafetish
6108,violently silly
6109,violence in america
6110,disturbing scene
6111,visually appealing
6114,michelle williams
6115,helen hayes
6116,diane keaton maureen stapleton
6117,bill hootkins
6118,maurice chevallier
6119,herbert lom
6120,anthony harvey
6121,tennessee williams
6122,david warner
6123,joanne woodward
6124,sam watterston
6125,thomas harris
6126,vivian leigh
6127,mario puzo
6128,olivia dehavilland
6129,dan ackroyd
6130,christopher reeve
6131,craig t nelson
6132,whoopie goldberg
6133,leslie howard
6134,allison hannigan
6135,susan george
6136,paul newman
6137,desert storm
6138,robert morley
6139,lawrence fishburn
6140,gregory peck
6141,phoebe cates
6142,piper laurie
6143,joss acklund
6144,dudley moore
6145,alec guiness
6146,glenda jackson
6147,jason robards
6148,alexandre dumas
6149,lawrence olivier
6150,warren beatty
6151,richard harris
6152,nastassia kinski
6153,kate winslett
6155,peter fonda
6156,jonathan frakes
6157,sam neill
6158,jack haley
6159,author:truman capote
6160,genevieve bujold
6161,fred mcmurray
6162,larry hagman
6165,bert lahr
6167,emma watson
6168,john hurt
6169,howard da silva
6170,robert ludlum
6171,sally kellerman
6173,rod steiger
6174,reece witherspoon
6175,ralph richardson
6176,michael crichton
6177,sherlock holmes
6178,tippi hedren
6179,maribel verdu
6180,cliff robertson
6181,leo mckern
6182,van heflin
6183,simon and garfunkel
6184,maggie smith
6185,jennifer anniston
6186,craig tnelson
6187,garrison keilor
6188,tatum oneal
6189,gerard depardieu
6190,lake tahoe
6191,basil rathbone
6192,ioan gruffudd
6193,richard burton
6194,peter ustinov
6195,julie christie
6196,jim schutze
6197,richard baseheart
6199,forest whitaker
6200,katherine hepburn
6201,kathleen turner
6202,sally field
6203,anthony quinn
6204,levar burton
6205,brian depalma
6206,scott glenn
6207,john gielgud
6208,tara reid
6209,joel grey
6210,hugh griffith
6211,lee j cobb
6212,anthony quayle
6213,diane franklin
6214,george peppard
6215,sidney greenstreet
6216,brittany murphey
6217,ellen burstyn
6218,katherine ross
6219,willem dafoe
6220,rutger hauer
6221,goldie hawn
6222,vanessa redgrave
6223,julia ormond
6224,george cscott
6225,deforest kelley
6226,john mills
6227,ben gazzara
6228,carrie ann moss
6229,karl maldin
6230,lou gossett jr
6231,kate beckinsale
6232,lucille ball
6233,lee remick
6234,robert vaughn
6235,william holden
6236,charles laughton
6238,gene roddenberry
6239,lily tomlin
6240,clare danes
6241,dolly parten
6242,jamie foxx
6243,jessica lange
6244,john houseman
6245,trevor howard
6246,james dean
6247,korean war
6248,mary tyler moore
6249,robert shaw
6250,barbara striesand
6251,walter mattau
6252,william goldman
6253,martin sheen
6254,wendy hiller
6255,sidney poitier
6256,liza minelli
6257,phillip seymour hoffman
6258,charlton heston
6259,jimmy cagney
6260,frank herbert
6261,bryce dallas howard
6262,david niven
6263,judy garland
6264,ricardo montalban
6265,gert frobe
6266,frank morgan
6267,ray bolger
6268,david kean
6269,wolfgang petersen
6270,lee marvin
6271,ryan oneal
6273,jackie gleason
6274,crazy awsome
6275,mclovin
6276,latecareer surprise
6277,writers life
6278,catherine breillat
6279,nastassja kinski
6280,andrei konchalovsky
6281,precious bodily fluids
6282,homoerotic subtext
6283,gopher
6284,ducts
6285,stay puft marshmallow man
6286,toga party
6290,proton pack
6291,anterograde amnesia
6292,oh yah
6293,timelapse
6294,symmetry
6296,decay
6297,made me cry
6298,need to buy
6299,audrey tautou
6300,die like the rest
6301,horrors of war
6302,feel good movie
6304,franka potente
6306,modern culture
6307,survivor
6308,literary adaptation
6309,autobiographical
6310,lgbt
6311,wim wnders
6312,judaica
6313,genealogical
6314,poetic
6316,magical
6317,high romance
6318,childrens
6320,panoramic
6321,dont want to see
6322,nice movie
6323,want
6324,divx1
6325,dvd1
6326,divx
6329,rame euy
6331,edward norton unbelievably good
6333,bit overrated
6335,air crash
6336,end of war
6337,genetic selection
6338,patrick swayze
6339,helena bonham carter
6341,intellectual
6342,tomatoes
6343,needs subtitles
6344,in the bunker
6345,soap
6347,val kilmer is great
6348,still behind chasing amy
6350,very cool
6351,musical sucks
6355,jon heder
6356,dwayne the rock johnson
6358,ice skating
6359,justplainbad
6360,brosnan
6367,harsh
6368,blackandwhite
6369,twee
6370,harrowing
6371,fifties
6372,giallo
6374,but still excellent
6375,inherently dated
6376,horror comedy
6378,charlie kaufmanesque
6379,sensational
6380,master piece
6382,actors
6384,clubs
6386,allison anders
6387,rodriguez
6388,uma thruman
6389,alexandre rockwell
6390,best gore/horror movie ever
6391,just amazing movie
6392,depp & burton
6393,colourful
6395,aardman studios
6398,realistic action
6400,scifi masterpiece
6401,amazing kung fu
6402,awful movie
6403,good ending
6405,good effects
6406,nice driving
6407,makes you ill
6409,insane
6410,the rock not rocking
6411,every fans must see
6412,netwatch
6413,emir kusturica
6414,first twothirds best
6415,too much singing
6416,original dramatic score)
6419,oscar (best music
6420,melancholic
6421,scarlett johannson
6422,bullet time
6423,meteorite
6424,propaganda in disguise
6426,two men war
6427,excellent use of dialogue
6428,not so cheesy
6429,another saving private ryan
6430,more mature leo decaprio
6431,great fantasy
6433,last symphony
6434,what if
6435,meaning of life
6436,message of hope
6437,good children movie
6438,old school spy thriller
6439,intelligent
6440,show business
6441,dogme95
6442,i didnt get it
6443,critique of french society
6444,chowyoungfat
6446,sword fighting
6447,actions
6450,taiwan
6451,bad for historysense
6452,fortune
6453,kiss
6454,hsnu
6455,not good for youth
6456,krakozhia
6458,seen it many times
6459,normal
6460,closing sequence
6461,tank chase scene
6463,killer child
6467,succulent
6468,browbeatingly boring
6469,pink floyd
6470,special food
6471,lookit the moon
6472,anthony burgess
6473,stanislav lem
6474,christian pabulum
6476,merde
6478,swiftmobile
6479,performance
6480,navajo
6481,so cool
6482,brian aldiss
6483,time capsule
6484,oedipus
6485,postprohibition
6486,abe kobo
6487,cheesey
6488,armenian
6489,gustav adolf
6490,su